id,name,cuisines,city,country,votes,aggregate_rating
18649486,The Drunken Botanist,"Continental, Italian, North Indian, Chinese",Gurgaon,India,4765,4.4
308322,Hauz Khas Social,"Continental, American, Asian, North Indian, Chinese, Pizza, Biryani, Beverages",New Delhi,India,13627,4.6
18856789,AIR- An Ivory Region,"North Indian, Chinese, Continental, Asian",New Delhi,India,1819,4.1
307374,AMA Cafe,"Cafe, Juices",New Delhi,India,3252,4.4
18238278,Tamasha,"Finger Food, North Indian, Continental, Italian",New Delhi,India,8112,4.4
18268712,Chili's Grill & Bar,"Mexican, American, Italian, Burger",Noida,India,3702,4.6
18198449,Punjabi Angithi,"North Indian, Chinese, Momos, Rolls, Fast Food",New Delhi,India,3613,4.7
18382360,Local,"North Indian, Continental, Momos",New Delhi,India,5694,4.3
18273624,Cafeteria & Co.,"Continental, Mexican, Fast Food",New Delhi,India,4229,4.5
18466951,Jungle Jamboree,"North Indian, Continental, Chinese, BBQ",Noida,India,2832,4.5
306046,SodaBottleOpenerWala,"Parsi, North Indian, Maharashtrian, Beverages, Bakery",Gurgaon,India,3818,4.2
18337893,The Luggage Room Kitchen And Bar,"Italian, Chinese, Continental",New Delhi,India,1622,4.5
18518483,Echoes Hudson Lane,"Cafe, American, Chinese, Continental, North Indian, Italian",New Delhi,India,2534,4.6
18246991,Odeon Social,"Continental, American, Asian, North Indian, Momos, Beverages",New Delhi,India,5808,4.4
8913,Pirates of Grill,"North Indian, Mughlai, Continental",Gurgaon,India,5760,4.9
313256,The Junkyard Cafe,"North Indian, Mediterranean, Asian, Salad, Momos",New Delhi,India,5512,4.5
18562836,Diggin,"Italian, Continental, Beverages",New Delhi,India,2335,4.2
17953943,The Burger Club,"Burger, Fast Food, Beverages",New Delhi,India,2411,4.2
18258498,Chinese Kitchen,"Fast Food, Chinese, Momos",New Delhi,India,713,4.1
18537536,Chili's Grill & Bar,"Mexican, American, Italian",New Delhi,India,2364,4.6
18707652,Zam Zam,"Biryani, Mughlai",Kolkata,India,824,4.4
18571735,Dum Laga Ke Haishaa,"Continental, Biryani, North Indian, Chinese, Kebab",Kolkata,India,770,4.5
18398880,JW Kitchen - JW Marriott Hotel Kolkata,"North Indian, European, Mediterranean, Thai, Salad, Juices",Kolkata,India,3578,4.6
18677746,Burger in Law,"Burger, Fast Food",Kolkata,India,455,4.7
17983797,Dada Boudi Restaurant,"Mughlai, North Indian, Chinese",Kolkata,India,1993,4.3
18538536,Scrapyard,"North Indian, Chinese, Continental",Kolkata,India,1260,4.2
25570,Barbeque Nation,"North Indian, Chinese, Kebab, BBQ",Kolkata,India,4597,4.8
18354569,Tram Deepo,"Continental, Chinese, Fast Food, Finger Food, North Indian, Mexican",Kolkata,India,1895,4.4
18259462,Ocean Grill,"Continental, Seafood, North Indian, Asian",Kolkata,India,2318,4.3
18761167,Echoes Kolkata,"North Indian, Continental, Chinese, Italian, American",Kolkata,India,456,4.8
18751849,Five Mad Men,"American, Chinese, Continental, North Indian",Kolkata,India,1465,4.3
20747,India Restaurant,"Biryani, Mughlai",Kolkata,India,3909,4.5
18461760,Kankurgachi Dhaba,"North Indian, Biryani, Chinese",Kolkata,India,700,3.9
20404,Peter Cat,"Continental, North Indian",Kolkata,India,11476,4.2
18017615,What's Up,"Chinese, Continental, Italian, Kebab",Kolkata,India,4162,4.4
18265479,BJs Sports Restrau Cum Lounge,"Cafe, North Indian",Kolkata,India,1405,4.7
18377098,CALCUTTA 64,"Italian, Continental, Mexican",Kolkata,India,2134,4.4
18377112,Nawwarah Fine Dine & Lounge,"North Indian, Chinese",Kolkata,India,1993,4.3
18610904,The Fatty Bao,"Japanese, Sushi, Asian",Kolkata,India,884,4.6
18711365,The Saffron Tree,"Mughlai, Continental, Biryani",Kolkata,India,1274,4.8
18392725,Tamasha,"Finger Food, Continental",Mumbai,India,4553,4.6
18701052,The Fusion Kitchen,"Chinese, Continental, European, North Indian, Italian, Mexican, Pizza",Mumbai,India,2723,4.7
18548172,Hitchki,"Modern Indian, North Indian, Chinese, Momos, Biryani, Continental, American, Fast Food",Mumbai,India,3418,4.8
18591040,Hitchki,"Modern Indian, North Indian, Chinese, Momos, Biryani, Continental, American, Fast Food",Mumbai,India,3524,4.9
19008239,HAS South Bombay,South Indian,Mumbai,India,475,4.2
18392711,Lord Of The Drinks,"Finger Food, Continental, European, Chinese, North Indian, Italian",Mumbai,India,2604,4.6
18616378,Lord of the Drinks,"Finger Food, Continental, European, Chinese, North Indian, Italian",Mumbai,India,2362,4.8
18669432,HITCHKI,"Modern Indian, North Indian, Chinese, Momos, American, Biryani, Continental, Fast Food",Thane,India,1899,4.8
18566818,JLWA,"Modern Indian, European, Pizza",Mumbai,India,3101,4.7
48851,Rude Lounge,"North Indian, Italian, Chinese, Continental, BBQ",Mumbai,India,5003,4.4
18205932,The Cult - Peninsula Grand Hotel,"Continental, North Indian, Chinese",Mumbai,India,3142,4.5
18732598,Timess Square,"Continental, Mexican, North Indian",Mumbai,India,2113,4.4
18580259,Coffee Culture,"Cafe, Italian, Pizza, Continental, Beverages",Mumbai,India,6023,4.2
34757,Joey's Pizza,Pizza,Mumbai,India,7344,4.6
18522518,Vikhroli Social,"American, North Indian, Chinese, Asian, Beverages, Continental, Biryani",Mumbai,India,1934,4.3
18917650,Warehouse Kitchenbar,"North Indian, Asian, Burmese, Chinese, Continental, Desserts",Mumbai,India,666,4.5
35217,Joey's Pizza,Pizza,Mumbai,India,8669,4.5
18397684,Craftbar,"Continental, Mediterranean, Modern Indian, Mexican",Mumbai,India,1347,4.8
36403,Prithvi Cafe,"Cafe, Fast Food",Mumbai,India,7995,4.4
18691230,Grandmama's Café,"Cafe, American, Italian, Parsi, Desserts",Mumbai,India,1108,4.3
58882,Byg Brewski Brewing Company,"Continental, North Indian, Italian, South Indian, Finger Food",Bangalore,India,17394,4.9
18706428,Byg Brewski Brewing Company,"Finger Food, Asian, Pizza, Italian, North Indian, Desserts",Bangalore,India,5692,4.8
18871246,ShakesBierre,"Asian, Continental, European, North Indian",Bangalore,India,572,4.5
18772094,Bombay Adda,Modern Indian,Bangalore,India,3023,4.3
18578798,TBC Sky Lounge,"Continental, Asian, Italian, North Indian",Bangalore,India,7673,4.7
18945224,Secret Of Bangalore,"North Indian, South Indian, Continental, Asian, Desserts",Bangalore,India,866,4.3
18254597,Brew and Barbeque - A Microbrewery Pub,"Continental, North Indian, BBQ, Steak",Bangalore,India,6330,4.6
18387426,The Black Pearl,"North Indian, European, Mediterranean, BBQ",Bangalore,India,7769,4.7
57833,Big Pitcher,"American, Continental, North Indian, Mediterranean",Bangalore,India,9664,4.6
54162,The Black Pearl,"North Indian, European, Mediterranean",Bangalore,India,10892,4.8
18853706,Brahma Brews,"Continental, South Indian, Finger Food, Pizza, Seafood",Bangalore,India,610,4.3
18625420,Burma Burma,"Asian, Burmese",Bangalore,India,1788,4.7
18595782,The Pallet,"Continental, Mediterranean, Italian, North Indian, Finger Food, Asian, Momos",Bangalore,India,3013,4.6
18537585,The Reservoire,"Continental, North Indian, Chinese, American",Bangalore,India,2724,4.6
56618,AB's - Absolute Barbecues,"European, Mediterranean, North Indian, BBQ",Bangalore,India,12443,4.9
51040,Truffles,"Cafe, American, Burger, Steak",Bangalore,India,14984,4.7
18874059,The Pump House,"Continental, Finger Food",Bangalore,India,1057,4.3
18709627,Simon Says Brew Works,"Continental, American, Italian, Modern Indian, Pizza, Burger",Bangalore,India,2362,4.6
18727906,XOOX Brewmill,"Modern Indian, European, Asian",Bangalore,India,1782,4.5
18642512,Stories,"Continental, North Indian, Chinese",Bangalore,India,2636,4.6
18893197,FC Road Social,"Continental, American, Asian, North Indian, South Indian, European, Chinese, Fast Food",Pune,India,606,4.0
18880433,BeHive,"North Indian, Chinese, Continental",Pune,India,347,4.3
18715982,Flechazo,"Asian, Mediterranean, North Indian",Pune,India,2927,4.7
18562250,Cafe Co2 Resto Lounge,"North Indian, Chinese, Continental, Kebab, Seafood",Pune,India,1406,4.2
6508166,Flying Duck Co.,"Asian, European",Pune,India,1266,4.5
18586395,Onesta,"Pizza, Italian, Fast Food, Beverages, Desserts",Pune,India,2770,4.8
18732937,Darshan,"Italian, Continental, Chinese, Mexican, Fast Food, Street Food, Desserts",Pune,India,1657,4.6
18784250,Universal Barbeque,"BBQ, Chinese, North Indian, Beverages",Pune,India,1686,4.5
18740139,Grandmama's Cafe,"Continental, Beverages, Desserts, Fast Food",Pune,India,1286,4.1
18545152,AB's - Absolute Barbecues,"Continental, North Indian, Chinese",Pune,India,5225,4.8
18417624,The Sassy Spoon,"European, Asian, Italian, Finger Food, Salad, Fast Food",Pune,India,1627,4.6
18383095,Teddy Boy,"North Indian, Continental",Pune,India,4547,4.2
18621437,The FML Lounge,"North Indian, Chinese, Continental, Finger Food",Pune,India,2059,4.1
18890430,The Barkhana,"North Indian, Continental",Pune,India,330,4.4
18617201,Onesta,"Pizza, Italian, Fast Food, Beverages, Desserts",Pune,India,2168,4.7
18650304,Tatva,"North Indian, Chinese, Continental",Pune,India,2340,4.4
18657534,Viman Nagar Social,"Continental, American, Asian, North Indian, South Indian, Chinese, European, Fast Food",Pune,India,2352,4.5
18536004,Culture - पुणे,"Continental, North Indian, Italian, Mediterranean, European, Finger Food, Desserts",Pune,India,2912,4.2
6508323,The Urban Foundry,"Asian, Indian",Pune,India,3369,4.6
18678581,Hippie@Heart,"Continental, Italian, North Indian, Finger Food, European",Pune,India,631,4.5
90896,Bawarchi,"Biryani, Hyderabadi, North Indian, Seafood",Hyderabad,India,41333,4.5
18550292,Flechazo,"Asian, Mediterranean, North Indian, Momos",Hyderabad,India,7577,4.7
18312984,Sahib’s Barbeque by Ohri’s,"Hyderabadi, Awadhi, BBQ",Hyderabad,India,5346,4.7
18538735,Over The Moon Brew Company,"Asian, Continental, North Indian, Chinese, Mediterranean",Hyderabad,India,2055,4.7
18470497,84 Anjuna Shack,"Cafe, Italian, French, Goan, Continental",Hyderabad,India,1779,4.1
18207447,Shah Ghouse Hotel & Restaurant,"Biryani, North Indian, Chinese",Hyderabad,India,11836,4.2
18544039,The Roastery Coffee House,"American, Cafe, Continental",Hyderabad,India,3258,4.8
90499,Coffee Cup,"Cafe, Continental, Salad",Secunderabad,India,3766,4.6
18582430,Lucky Restaurant,"Biryani, North Indian, Chinese",Hyderabad,India,10298,4.2
18514668,Captain Cook,"Biryani, North Indian, Chinese",Hyderabad,India,9076,3.9
18715296,Bakasura Restaurant,"Andhra, South Indian, Chinese",Secunderabad,India,651,4.0
18673497,Onesta,"Pizza, Italian, Fast Food, Beverages, Desserts",Hyderabad,India,2143,4.4
95831,Green Bawarchi,"North Indian, Chinese, Biryani",Hyderabad,India,6293,3.7
18138652,Paradise,"Biryani, North Indian, Chinese",Hyderabad,India,5781,4.5
90903,Shah Ghouse Cafe & Restaurant,"Biryani, North Indian, Chinese",Hyderabad,India,7309,4.3
18807262,Broadway,"Continental, North Indian, Chinese",Hyderabad,India,827,4.6
18774025,eat.fit,"Healthy Food, North Indian, Continental, South Indian",Hyderabad,India,621,4.4
18965675,Chubby Cho,"Chinese, Asian, Sushi, Japanese",Hyderabad,India,156,4.4
18607685,Farzi Cafe,Modern Indian,Hyderabad,India,2046,4.7
94402,4M Biryani House,"Biryani, North Indian",Hyderabad,India,4250,4.3
18938720,Coal Barbecues,"North Indian, Mediterranean, Asian, Arabian, BBQ",Chennai,India,1517,4.9
18800810,The Black Pearl,"North Indian, European, Mediterranean, Continental, BBQ",Chennai,India,1435,4.6
18595414,Coal Barbecues,"North Indian, Mediterranean, Asian, Arabian, BBQ",Chennai,India,5776,4.9
18513783,Onesta,"Pizza, Italian, Fast Food, Beverages, Desserts",Chennai,India,4578,4.7
70856,AB's - Absolute Barbecues,"BBQ, North Indian, European, Mediterranean",Chennai,India,9774,4.9
18423043,Dhaba Estd 1986 Delhi,"North Indian, Desserts, Beverages",Chennai,India,1283,4.6
67407,Copper Kitchen,"Seafood, North Indian, Chinese, Mughlai, Biryani",Chennai,India,3925,4.6
73279,Paradise,"Biryani, North Indian, Chinese",Chennai,India,4642,4.4
71443,Palmshore,"Seafood, Biryani, Kebab, North Indian, Chinese, Arabian, BBQ, Juices",Chennai,India,3198,4.5
18588039,Fromage,"Cafe, Italian, French, European",Chennai,India,827,4.5
72497,Palmshore,"Seafood, Biryani, Kebab, North Indian, Chinese, Arabian, BBQ, Juices",Chennai,India,2742,4.6
70496,Sukkubhai Biriyani,Biryani,Chennai,India,2113,4.4
18665421,Blind Ch3mistry,"Cafe, Fast Food, Beverages",Chennai,India,1365,4.5
18666824,AB's - Absolute Barbecues,"BBQ, North Indian, European, Mediterranean",Chennai,India,2208,4.9
71405,Barbeque Nation,"North Indian, Continental, Kebab, BBQ",Chennai,India,2132,4.8
18555163,Amelie's,"Cafe, Continental, Italian",Chennai,India,1217,4.4
71799,Cleo's Grill & Cafe,"Chinese, Continental, Steak, North Indian",Chennai,India,2413,4.5
18437170,Nasi And Mee,"Singaporean, Malaysian, Chinese, Asian, Thai, Momos",Chennai,India,1336,4.6
18619095,Palmshore,"Seafood, Biryani, Kebab, North Indian, Chinese, Arabian, BBQ, Juices",Chennai,India,1528,4.5
18540650,Guntur Gongura,"North Indian, Chinese, South Indian, Biryani",Chennai,India,2086,3.7
800894,Mubeen's,Mughlai,Lucknow,India,1352,4.4
800468,Tunday Kababi,"Mughlai, Lucknowi",Lucknow,India,3753,4.8
18801082,Farzi Café,Modern Indian,Lucknow,India,298,4.6
18970077,The Hazelnut Factory,"Bakery, Desserts, Cafe",Lucknow,India,203,4.4
801170,Spice Caves,"North Indian, Chinese, Mughlai",Lucknow,India,2401,4.6
18560184,The Terrace ,"North Indian, Continental",Lucknow,India,568,4.4
18971277,Cafe Repertwahr,"North Indian, Chinese, Continental, Italian, Seafood, Salad",Lucknow,India,131,4.1
800179,Mahalaxmi Sweets,"Mithai, North Indian, Chinese",Lucknow,India,1062,4.3
18980427,Bombay Remix,"North Indian, Chinese, Continental, Desserts",Lucknow,India,113,4.0
800089,Barbeque Nation,North Indian,Lucknow,India,2194,4.9
800152,Idrish Hotel,Mughlai,Lucknow,India,2180,4.4
801960,Dosa Planet,"South Indian, North Indian",Lucknow,India,875,4.3
18701292,Pirates of Grill,"North Indian, Mughlai, Continental",Lucknow,India,1746,4.9
800483,Dastarkhwan,Mughlai,Lucknow,India,2127,4.7
801146,Madhurima Veg,"Chinese, Sandwich, Fast Food, North Indian, Italian, Desserts, South Indian",Lucknow,India,627,4.3
18387297,The Manish Eating Point,"North Indian, Awadhi, Biryani",Lucknow,India,835,4.0
800432,Rattilal's,"Mithai, Street Food, Juices",Lucknow,India,630,4.0
800896,Sardar Ji Ke Mashoor Chhole Bhature - Punjabi Zaika,Street Food,Lucknow,India,692,4.1
800630,Royal Cafe,"North Indian, Chinese, Mughlai, Fast Food",Lucknow,India,990,4.3
18439027,Skyhilton,"North Indian, Chinese, Continental",Lucknow,India,750,4.1
95361,Ifthar,Kerala,Kochi,India,770,4.1
901159,Westleys Restocafe (Formerly Burgeria),"Fast Food, Ice Cream",Kochi,India,262,4.1
95256,Kashi Art Cafe,"European, Cafe",Kochi,India,1256,4.5
18398435,Bikash Babu Sweets,"Mithai, Fast Food",Kochi,India,231,4.5
903046,Nasi And Mee,"Malaysian, Thai, Singaporean, Asian, Chinese",Kochi,India,235,4.8
902109,Sheba Kuzhimandhi,Arabian,Kochi,India,516,4.2
900533,Paragon,"Kerala, South Indian, Continental, North Indian, Seafood, Chinese",Kochi,India,1475,4.5
95421,Dhe Puttu,Kerala,Kochi,India,1162,4.3
900668,KFC,"Burger, Fast Food",Kochi,India,507,3.7
900524,Cafe 17,"Cafe, Continental, Italian",Kochi,India,900,4.6
901622,The Grill Lab,"Cafe, Continental, Pizza, Burger, Fast Food",Kochi,India,639,4.2
901665,Double Roti,"Cafe, American, Burger, Fast Food",Kochi,India,344,4.2
95488,Cafe d' arabia,"Arabian, Lebanese",Kochi,India,541,4.1
18153238,Hotel Harsh Dhaba,"North Indian, South Indian, Fast Food",Kochi,India,622,4.1
900300,Real Arabia,"Arabian, Chinese, North Indian",Kochi,India,380,4.0
901830,Mocha Art Cafe,"Cafe, Continental, European, Italian, Seafood",Kochi,India,602,4.7
900561,Tonico Cafe,Cafe,Kochi,India,935,4.3
900551,Aavi,Kerala,Kochi,India,213,3.8
18153935,Galito's,"African, Burger, Desserts, Beverages, Fast Food, Salad",Kochi,India,470,4.2
95333,Chiyang,"Chinese, Continental",Kochi,India,622,4.0
100242,Shree Agarwal Caterers,"Bakery, Cafe, Sandwich, Fast Food, Mithai, Mishti, Desserts",Jaipur,India,1402,4.3
18748726,The Night Jar,"North Indian, Continental, Chinese",Jaipur,India,851,4.7
18641794,Shankar Samosa,Street Food,Jaipur,India,727,4.3
18903417,Chool,"Cafe, North Indian, South Indian, Fast Food",Jaipur,India,383,4.9
18625823,Gulabi Nagari,"North Indian, Chinese",Jaipur,India,1227,4.3
100756,Agarwal Sweets & Caterers,"Mithai, North Indian, South Indian, Street Food, Chinese",Jaipur,India,1216,4.2
102439,Muhammadi Palace,"North Indian, Mughlai",Jaipur,India,2457,3.9
100149,Kanha,"North Indian, Street Food",Jaipur,India,1475,4.0
102695,Thali and More,"North Indian, South Indian, Italian, Chinese",Jaipur,India,1820,4.3
100910,Rawat Mishthan Bhandar,"Mithai, North Indian, South Indian, Chinese",Jaipur,India,2184,4.1
18733012,Fat Lulu's,"Continental, Pizza, Burger, American",Jaipur,India,669,4.3
100611,M.M. Khan Hotel,North Indian,Jaipur,India,1774,4.0
18868487,Vegetrainian,"North Indian, Italian, Chinese",Jaipur,India,366,4.5
18602340,Stepout Cafe,"Cafe, Italian, Lebanese, Mexican",Jaipur,India,810,4.3
101736,Kanha,"North Indian, Street Food",Jaipur,India,1266,4.1
100148,Kanha,"North Indian, Street Food",Jaipur,India,1449,4.0
101212,Tapri Central,"Cafe, Fast Food",Jaipur,India,2862,4.9
101777,Kanha,"North Indian, Street Food",Jaipur,India,748,4.1
18467090,Manuhaar,"Mithai, Bakery, Fast Food",Jaipur,India,837,4.0
18578663,Masala Ministry,"North Indian, Chinese, Fast Food",Jaipur,India,945,4.5
18766005,The Esplendido Cafe,"Cafe, American, Italian, Chinese, Beverages",Ahmedabad,India,1001,4.4
18882467,Makeba - The Lounge Cafe,"Cafe, Italian, Mexican, Healthy Food",Ahmedabad,India,368,4.2
110208,Honest,"North Indian, South Indian, Fast Food, Chinese",Ahmedabad,India,823,3.9
18385186,The Cafe Baraco,"Cafe, Italian",Ahmedabad,India,1528,4.3
18396250,Huber & Holly,"Cafe, Desserts",Ahmedabad,India,1413,4.8
18658177,Millhouse,"Continental, Italian",Ahmedabad,India,773,4.2
18672107,Eleven 11 Restro Cafe,"Cafe, Italian, North Indian",Ahmedabad,India,1079,4.3
18902811,Legends Of Punjab - By Pepperazi,"North Indian, Italian, BBQ, Mexican, Thai",Ahmedabad,India,218,4.1
112466,Jay Nilkanth Food,"North Indian, Chinese",Ahmedabad,India,1346,3.1
18663856,The Red Bistro,"Mexican, Italian, North Indian",Ahmedabad,India,491,4.6
18766904,The Secret Kitchen,North Indian,Ahmedabad,India,441,4.1
18627705,I Love Sandwich House,"Cafe, Sandwich",Ahmedabad,India,1106,4.2
18819827,Kadak Bhagat,"North Indian, Chinese, Fast Food",Ahmedabad,India,444,4.6
18874418,Upri Manzil,"North Indian, Italian, Continental",Ahmedabad,India,297,4.1
18578691,Bogarosa,"Continental, North Indian",Ahmedabad,India,1156,4.1
110026,Barbeque Nation,"Mughlai, North Indian, BBQ",Ahmedabad,India,2236,4.5
18545544,Mocha,"Cafe, Italian",Ahmedabad,India,970,4.4
113234,Shree Annpurna,"North Indian, Chinese",Ahmedabad,India,1795,4.1
111826,Yanki Sizzlers,"Continental, Italian, Chinese",Ahmedabad,India,3437,4.9
18480250,Cafe De Italiano,Cafe,Ahmedabad,India,770,4.3
120687,Subway,"Healthy Food, Sandwich, Salad",Mohali,India,1438,4.3
18848676,Beach N Brew,"North Indian, Continental, Chinese",Chandigarh,India,420,4.5
121896,Bhena Da Dhaba,North Indian,Mohali,India,1668,3.9
121335,Pirates of Grill,North Indian,Chandigarh,India,2033,4.4
121316,Nando's,"Portuguese, Wraps, Burger, Salad",Chandigarh,India,902,4.9
124170,Sector 7 Social,"Continental, American, Asian, North Indian, Momos, Beverages",Chandigarh,India,2557,4.7
18634639,Pradhan Dhaba,"North Indian, Chinese, Fast Food",Chandigarh,India,925,4.0
123013,Amrit Sweets,"Mithai, North Indian, South Indian, Street Food",Mohali,India,1057,4.0
120767,New Panna Sweets,"Street Food, Chinese, Fast Food, Mithai, North Indian, Burger, Desserts, Pizza",Chandigarh,India,1778,3.9
18694731,DND - Daily Nutritional Diet,"Healthy Food, Salad",Mohali,India,586,4.5
122418,Burger King,"Burger, Fast Food",Chandigarh,India,1174,4.1
120999,Jalandhar Sweets,"South Indian, North Indian, Chinese, Mithai",Chandigarh,India,1319,4.0
121425,Super Donuts,"Desserts, Burger, Fast Food",Chandigarh,India,1335,4.4
124158,The Hedgehog Café,"Cafe, Italian, American, Continental",Chandigarh,India,1031,4.5
123043,Khalsa Dhaba,"North Indian, South Indian, Chinese",Mohali,India,1094,3.9
18609823,Falcon Cafe Lounge,Cafe,Panchkula,India,1589,4.6
122653,Food@U,"North Indian, Chinese, South Indian, Rolls",Chandigarh,India,2129,4.2
120554,Books N Brew,"Cafe, Fast Food, Italian, Chinese",Chandigarh,India,1108,3.7
122875,Tossin Pizza,"Pizza, Italian",Chandigarh,India,846,4.2
123191,CAFÈ JC's,"Continental, Cafe, North Indian, Chinese, American",Chandigarh,India,1277,4.4
130309,Purple Martini,"Continental, Seafood, Italian, Mediterranean, North Indian",Goa,India,1507,4.8
130409,Baba Au Rhum,"Italian, French, Cafe",Goa,India,1282,4.6
16512333,Britto's Bar & Restaurant,"Chinese, Continental, Goan, North Indian, Seafood",Goa,India,3900,4.3
16524239,Bay 15,"Thai, Chinese, Indian, Goan, North Indian, Italian, Mediterranean, Seafood",Goa,India,369,4.4
130535,The Fisherman's Wharf,"Seafood, Goan, North Indian, Continental, Asian",Goa,India,1427,4.7
18685303,The Fisherman's Wharf,"Seafood, Goan, North Indian, Continental, Asian",Goa,India,882,4.6
130427,Artjuna,"Healthy Food, Mediterranean, Cafe, Israeli, Lebanese",Goa,India,579,4.4
18601542,The Lazy Goose,"Seafood, Goan, Continental",Goa,India,783,4.6
130888,The Black Sheep Bistro,"Seafood, Continental, European, German",Goa,India,1850,4.7
18555916,Tio Tilly's Bar & Kitchen,"Continental, Finger Food, Burger, Pizza",Goa,India,560,4.4
16519168,Martin's Corner,"Goan, Seafood, Chinese, North Indian",Goa,India,2226,4.6
16512336,Fat Fish,"North Indian, Continental, Goan",Goa,India,1957,4.2
130230,Curlies,"Continental, North Indian, Italian, Seafood, Goan",Goa,India,2816,3.8
16525595,Cafe Cotinga,"Continental, North Indian, Bakery",Goa,India,513,4.4
18232814,Kokni Kanteen,Goan,Goa,India,839,4.6
16541849,The Fisherman's Wharf,"Seafood, Goan, North Indian, Continental, Asian",Goa,India,1197,4.5
130567,Souza Lobo,"Chinese, Continental, Goan, Finger Food, North Indian",Goa,India,1548,4.3
130430,Co Co Mo,"North Indian, Chinese, Goan, Russian, Italian",Goa,India,232,4.4
16519268,La Plage,"Seafood, French",Goa,India,545,4.4
18558647,Navtara Veg Restaurant,"South Indian, North Indian, Chinese, Mughlai",Goa,India,583,4.5
1400382,Shree Gurukripa,North Indian,Indore,India,1750,4.2
1400038,Apna Sweets,"Mithai, North Indian, South Indian, Beverages",Indore,India,1331,4.2
18715348,The Monroe,"Italian, Chinese, North Indian",Indore,India,647,4.4
1402185,Shree Gurukripa,North Indian,Indore,India,1270,4.1
1400208,Apna Sweets,"Mithai, North Indian, South Indian, Beverages",Indore,India,1387,4.1
1401685,Dutt Guru Kripa,"North Indian, Fast Food",Indore,India,1138,4.0
18675443,Sagar Gaire,"South Indian, North Indian, Fast Food",Indore,India,2857,4.1
1400574,Hotel Rajhans,North Indian,Indore,India,1788,3.8
1400056,Nafees Restaurant,"North Indian, Mughlai",Indore,India,2819,4.2
18713037,Tic Tac Toe,"North Indian, Chinese, Fast Food",Indore,India,354,4.5
1401724,Hotel Guru Kripa Avenue,North Indian,Indore,India,1147,4.0
18254231,Oye24,"North Indian, Chinese",Indore,India,1370,4.0
1400287,Madhuram Sweets,"South Indian, Fast Food, Mithai",Indore,India,584,4.1
1401774,Banana Leaf,"South Indian, North Indian",Indore,India,751,4.3
18684400,Little Monk,"North Indian, Italian, Chinese, Mughlai",Indore,India,381,4.2
1400310,Vijay Chaat House,"Mithai, Street Food",Indore,India,561,4.5
1400311,Apna Sweets,"Mithai, North Indian, South Indian, Beverages",Indore,India,1634,3.9
18395137,Just My Bakes,"Cafe, North Indian",Indore,India,716,4.1
1402252,Mustang - Hotel Somdeep Palace,"North Indian, Chinese",Indore,India,1109,4.8
18601095,Indore Kitchen - Indore Marriott Hotel,"North Indian, Italian, Asian, Fast Food",Indore,India,534,4.4
18746380,Domino's,"Pizza, Fast Food",Gangtok,India,53,3.2
18746904,Baker's Cafe,"Cafe, Bakery",Gangtok,India,53,3.4
16500301,The Dragon Wok,Chinese,Gangtok,India,36,3.3
18746039,Osm Restaurant,"North Indian, Continental, Chinese",Gangtok,India,65,3.5
18746176,Taste of Tibet,"Tibetan, Chinese",Gangtok,India,39,3.4
18746050,Osm Lounge,Finger Food,Gangtok,India,16,3.3
16500332,Nimtho,"Tibetan, Nepalese",Gangtok,India,31,3.6
18746004,Bonfire ,"Tibetan, North Indian, Fast Food, Chinese",Gangtok,India,24,3.4
16500309,Roll House,Fast Food,Gangtok,India,29,3.3
16500300,The Local Cafe,"Tibetan, Italian",Gangtok,India,34,3.5
18746148,Chopstick,Chinese,Gangtok,India,22,3.5
18746007,Parivar,"South Indian, Chinese, North Indian",Gangtok,India,18,3.2
18922563,Domino's Pizza,"Pizza, Fast Food",Gangtok,India,12,3.2
18746062,Cafe Live & Loud ,"North Indian, Continental, Chinese",Gangtok,India,22,3.3
18746689,Baker's Cafe,"Cafe, Bakery",Gangtok,India,15,3.4
16500321,Momo King ,"Nepalese, Chinese",Gangtok,India,15,3.3
16500330,Khan Uncle's Biryani House,"Fast Food, Biryani, Chinese",Gangtok,India,24,3.4
16500333,Nimtho,"Tibetan, Nepalese",Gangtok,India,14,3.2
16500304,Thakali,Nepalese,Gangtok,India,10,3.2
18983524,Mehfill- Resto Bar,North Indian,Gangtok,India,3,0
18629821,Sula Vineyards,"Cafe, Pizza, North Indian",Nashik,India,228,4.7
1600099,Kokni Darbar,"Fast Food, Chinese, Mughlai",Nashik,India,938,4.2
1600067,Al Arabian Express,Mughlai,Nashik,India,689,4.4
1600136,Dairy Don,Ice Cream,Nashik,India,342,4.5
18585945,The Foundry- Industrial Bar & Sport,"Continental, Italian, American",Nashik,India,212,4.6
18839989,Samarth Juice Center,"Beverages, Juices",Nashik,India,306,4.3
18943921,Burger Point,"Burger, Fast Food",Nashik,India,144,4.3
1600500,The Sidewalk,"Continental, Indian, Chinese",Nashik,India,214,4.9
18608708,Burger King,"Burger, Fast Food",Nashik,India,418,4.3
1600258,Barbeque Nation,"North Indian, European, Mediterranean, Asian",Nashik,India,772,4.8
18632170,Panorama,"North Indian, Chinese",Nashik,India,179,4.6
1600169,Veg Aroma,North Indian,Nashik,India,289,4.1
1600301,Cellar Door @ York,"North Indian, Maharashtrian, Chinese",Nashik,India,102,4.4
18658877,Rock n' Roll,"Rolls, Fast Food, Chinese",Nashik,India,349,3.9
1600227,Divtya Budhlya Wada Restaurant,Maharashtrian,Nashik,India,312,4.4
18573795,The FRIENDS Bistro,Cafe,Nashik,India,223,4.5
1600119,Domino's Pizza,"Pizza, Fast Food",Nashik,India,274,3.7
1600109,Eastern Spice,North Indian,Nashik,India,216,4.0
18962186,Hotel Mughal Darbar,"Mughlai, North Indian, Chinese",Nashik,India,130,4.2
1600029,Barbeque Ville,North Indian,Nashik,India,328,4.2
18698487,Angaara ,"Arabian, Chinese, Continental, South Indian",Ooty,India,144,3.6
18698864,A2B- Adyar Ananda Bhavan,"South Indian, North Indian",Ooty,India,139,3.4
18698898,Domino's Pizza,"Pizza, Fast Food",Ooty,India,75,3.3
18698690,Nahar Sidewalk Cafe,"Cafe, Burger, Pizza",Ooty,India,50,3.3
18698726,Hyderabad Biriyani House,"Andhra, Biryani",Ooty,India,39,3.3
18699624,Shinkows Chinese Restaurant ,Chinese,Ooty,India,62,3.2
18698924,Hyderabad Biryani House,"Andhra, Biryani",Ooty,India,61,3.2
18698964,Thalassery Restaurant,South Indian,Ooty,India,42,3.3
18698943,Willy's Coffee Pub,Cafe,Ooty,India,39,3.3
18698658,Place To Bee,Italian,Ooty,India,55,3.7
18698644,Cocoapods,Cafe,Ooty,India,24,3.3
18699681,Darjeeling Spicy Momo,"Chinese, Tibetan, Momos",Ooty,India,20,3.4
18698833,Pankaj Bhojanalaya,North Indian,Ooty,India,23,3.3
18699247,Dining Room,"Armenian, Chinese, European, Italian, North Indian, South Indian",Ooty,India,8,3.4
18698916,New Ooty Bakery ,"Mithai, Bakery, Chinese, Fast Food",Ooty,India,21,3.3
18698797,Hotel Junior Kuppanna,"Chettinad, South Indian",Ooty,India,20,3.3
18698832,Quality Restaurant,"Chinese, South Indian, North Indian",Ooty,India,14,3.2
18700259,Thendral Restaurant,South Indian,Ooty,India,7,3.3
18698688,Cliff Top,"North Indian, South Indian, European",Ooty,India,10,3.3
18698999,Ooty Coffee House ,South Indian,Ooty,India,14,3.3
18848790,The Brew Estate,"North Indian, Continental",Shimla,India,148,4.0
18703923,Cafe Simla Times,"Cafe, North Indian, Continental, Beverages, Chinese",Shimla,India,185,4.1
18703946,Cafe Sol,Cafe,Shimla,India,71,3.6
18704132,Indian Coffee House,"Fast Food, Beverages",Shimla,India,66,3.7
18704176,Hide Out Cafe,Cafe,Shimla,India,71,3.6
18704216,45 The Central,"North Indian, European, Asian",Shimla,India,46,3.6
18704153,Domino's,Pizza,Shimla,India,119,3.5
18704300,Sher-e-Punjab,North Indian,Shimla,India,54,3.3
18703974,Cafe Under Tree,Cafe,Shimla,India,44,3.6
18704318,Sita Ram & Son ,Street Food,Shimla,India,56,3.5
18704259,Honey Hut,Cafe,Shimla,India,49,3.6
18703932,Eighteen 71,"Continental, North Indian, Chinese, Bakery, Beverages",Shimla,India,46,3.6
18703939,Embassy The Restaurant,Cafe,Shimla,India,46,3.0
18703966,HPTDC Goofa Ashiana Bar and Restaurant,Continental,Shimla,India,38,3.5
18704355,Gupta Ji Bhojnalya,"North Indian, Street Food",Shimla,India,47,3.3
18703964,Nalini,"North Indian, Chinese, South Indian",Shimla,India,22,3.2
18704552,Diamond,"Mithai, Fast Food",Shimla,India,30,3.2
18704352,China Town Restaurant,Chinese,Shimla,India,16,3.5
18704339,Hotel Combermere,Cafe,Shimla,India,28,3.6
18704457,Singh's Tandoor,"North Indian, Fast Food",Shimla,India,48,3.3
18784840,The Table By Basant,"North Indian, Pizza, Fast Food, Burger, Sandwich, Rolls",Ludhiana,India,884,4.4
15401,Natural Soups & Shakes,"Fast Food, Beverages, Street Food",Ludhiana,India,895,4.5
15221,Basant,"North Indian, Chinese, South Indian, Fast Food",Ludhiana,India,1315,4.4
18400368,Pirates Of Grill,"North Indian, Mughlai",Ludhiana,India,982,4.9
15008,Hot Breads,"Continental, Chinese, Italian, Bakery",Ludhiana,India,1086,4.4
18680874,Natural 2,"Chinese, Burger, Sandwich, Rolls, Momos",Ludhiana,India,525,4.3
15047,Rishi Vegetarian Dhaba NK,North Indian,Ludhiana,India,2158,4.2
18444271,Hawai Adda,"Chinese, Continental, Indian, North Indian",Ludhiana,India,745,4.5
15556,New Delhi Chhole Bhature,"North Indian, Street Food",Ludhiana,India,978,4.0
18728655,Uncle Jack's,"American, Desserts, Beverages",Ludhiana,India,703,4.8
15239,Basant Restaurant,"North Indian, Chinese, Fast Food",Ludhiana,India,990,4.1
15101,Bansi Vaishno Dhaba,North Indian,Ludhiana,India,1813,4.0
18586834,Burger King,"Burger, Fast Food",Ludhiana,India,1283,4.0
15295,Raja Dhaba,"North Indian, Street Food, Chinese, Burger, Pizza, Biryani, South Indian",Ludhiana,India,1166,4.1
18282260,KFC,"Burger, Fast Food",Ludhiana,India,1170,4.1
15077,Meshi Vaishnu Dhaba,North Indian,Ludhiana,India,900,4.0
18729016,K Chawla Ice Cream & Sweets,"Mithai, Ice Cream, Chinese, Burger, Sandwich, Pizza, Rolls, Momos",Ludhiana,India,385,4.4
15488,Shahi Khansama,"North Indian, Chinese, Fast Food, Rolls",Ludhiana,India,1298,4.2
15127,Vipan Vaishno Dhaba,North Indian,Ludhiana,India,636,4.1
18583331,Gopal Sweets,"Mithai, Fast Food",Ludhiana,India,485,4.3
2100712,Mocha,"Cafe, Italian",Guwahati,India,1069,4.8
2101445,The Steaming Mug ,Cafe,Guwahati,India,542,4.2
2100702,Barbeque Nation,"North Indian, Mediterranean",Guwahati,India,1795,4.9
2100707,KFC,"Burger, Fast Food",Guwahati,India,459,4.1
2100719,The Corner Cafe,"Cafe, Continental, Momos",Guwahati,India,682,4.1
18633388,Kalita Cafe,"Rolls, Bakery, European",Guwahati,India,294,4.4
2100784,11th Avenue Cafe Bistro,"Cafe, American, Italian, Continental",Guwahati,India,1049,4.2
2100118,The Dhaba,"North Indian, Biryani",Guwahati,India,645,4.1
2100478,Terra Mayaa Restaurant and Lounge,"Continental, Italian, Indian, Asian",Guwahati,India,808,4.1
2100821,Raja Mircha,"Assamese, Naga",Guwahati,India,576,4.7
2100832,Mast Biryani,"North Indian, Biryani",Guwahati,India,880,4.5
18710093,Fat Belly,"Chinese, Thai, Momos",Guwahati,India,300,4.3
18801521,Cafe Gram,"Chinese, Biryani",Guwahati,India,150,4.0
2100644,KFC,"Burger, Fast Food",Guwahati,India,633,3.8
2100495,Grill Republica,"Rolls, Momos, Burger",Guwahati,India,503,4.3
2100913,Kalita Spectrum,"Chinese, Biryani, Desserts",Guwahati,India,398,4.7
2100904,Mughal Garden,"Mughlai, North Indian",Guwahati,India,488,4.4
18702475,Nanz Cafe,"Cafe, Momos",Guwahati,India,247,4.5
18381932,The Zouq : Resto-Cafe,"Chinese, Cafe, Italian, North Indian",Guwahati,India,594,3.8
18480196,Fat Belly,"Asian, Chinese, Tibetan, Momos",Guwahati,India,781,4.6
2200000,Kesar Da Dhabha,North Indian,Amritsar,India,2569,4.6
2200044,Bharawan Da Dhaba,"North Indian, Fast Food",Amritsar,India,989,4.3
2200132,Bade Bhai ka Brothers Dhaba,North Indian,Amritsar,India,1005,4.4
2200105,R K Food Plaza,"North Indian, Chinese, Fast Food",Amritsar,India,504,4.2
2200055,Beera Chicken House,North Indian,Amritsar,India,876,4.3
2200045,The Kulcha Land,"North Indian, Street Food",Amritsar,India,812,4.5
2200011,Makhan Fish and Chicken Corner,"North Indian, Chinese",Amritsar,India,867,4.0
2200365,Cafe Connect,Fast Food,Amritsar,India,395,4.1
2200864,Burger King,Burger,Amritsar,India,568,4.1
2200386,Kale Da Dhaba,North Indian,Amritsar,India,493,4.2
2200236,Brothers' Amritsari Dhaba,North Indian,Amritsar,India,343,4.3
2200245,Novelty Sweets,Mithai,Amritsar,India,345,4.2
2200358,Bon Gateau,"Cafe, Bakery, Fast Food",Amritsar,India,413,4.3
2200314,Domino's Pizza,"Pizza, Fast Food",Amritsar,India,663,3.8
2200534,Sip n Breww,Cafe,Amritsar,India,399,3.9
2200357,Sanjha Chulha,North Indian,Amritsar,India,465,4.2
2200283,Sakhis Watz Kukin,"Chinese, Continental, North Indian, Italian, Mughlai",Amritsar,India,385,4.4
2200153,Kanha Sweets,Fast Food,Amritsar,India,451,4.7
2200923,Hungry Pizza,"Fast Food, Italian, Pizza",Amritsar,India,294,4.0
2200286,Cafe Chokolade,"Salad, Cafe, Healthy Food, Fast Food",Amritsar,India,301,4.0
2300179,Talk Of The Town,Chinese,Kanpur,India,604,4.4
2300175,Mithas,"Mithai, Fast Food, Street Food, South Indian",Kanpur,India,457,4.4
2300842,Hot Pizza Ace,"Pizza, Fast Food",Kanpur,India,472,4.0
18209832,Zyka Restaurant,"North Indian, Biryani, Desserts, Fast Food, Pizza",Kanpur,India,596,4.1
2300299,Domino's Pizza,"Pizza, Fast Food",Kanpur,India,1000,3.5
18697142,Facebook Point,"Burger, Chinese, North Indian, Rolls",Kanpur,India,383,4.0
2300884,Sagar Ratna,"South Indian, North Indian, Chinese",Kanpur,India,447,4.3
18811222,Chauuan Pandit Paties,Fast Food,Kanpur,India,419,4.5
2300981,Bazooka,"Cafe, North Indian, Chinese",Kanpur,India,874,3.9
2300729,Juicebox,"Beverages, Fast Food",Kanpur,India,338,4.3
2300984,Foodoo Pizza,"Fast Food, Pizza, Chinese",Kanpur,India,399,3.8
2300092,Pandit's,"North Indian, Mithai",Kanpur,India,321,4.2
2300492,Baba Food Court,"Mughlai, Hyderabadi",Kanpur,India,352,4.1
2301845,Mi Casa,"Continental, Italian, Fast Food, Burger, American, Chinese",Kanpur,India,141,4.4
2300502,Silver Spoons,"Bakery, Fast Food, Chinese, Continental, Italian, Momos, Pizza",Kanpur,India,422,4.2
2300051,Domino's Pizza,"Pizza, Fast Food",Kanpur,India,1090,3.9
2300050,Baba Biryani,"Mughlai, Hyderabadi",Kanpur,India,422,4.1
2300549,Mithas,"Mithai, Desserts, Fast Food, Street Food",Kanpur,India,337,4.3
2300104,Spicy Foods,"North Indian, Fast Food",Kanpur,India,440,4.0
2300035,KFC,"Burger, Fast Food",Kanpur,India,611,4.1
2400349,Pizza Hut,"Italian, Pizza",Allahabad,India,565,4.0
2400358,Domino's Pizza,"Pizza, Fast Food",Allahabad,India,520,3.7
2400193,Mr. Dewsis,"North Indian, Chinese",Allahabad,India,485,4.2
2400565,Old School Cafe,"Cafe, North Indian, Continental, Chinese, Indian, Thai, Burger",Allahabad,India,360,4.4
2400018,El Chico Restaurant,"Continental, North Indian, Chinese",Allahabad,India,506,4.3
2400394,Well Bean Cafe,Cafe,Allahabad,India,284,4.4
2400269,Hot n Cool,"Desserts, Fast Food, Ice Cream",Allahabad,India,236,4.3
2400119,KFC,"Burger, Fast Food",Allahabad,India,431,4.2
18799013,Nainital Momos,"Momos, Beverages",Allahabad,India,123,4.1
2400009,Sagar Ratna,"South Indian, North Indian, Chinese, Continental",Allahabad,India,621,4.4
2400014,McDonald's,"Burger, Fast Food",Allahabad,India,526,4.3
2400356,Domino's Pizza,"Pizza, Fast Food",Allahabad,India,515,3.9
2400017,Tandoor Restaurant,"North Indian, Chinese",Allahabad,India,343,2.8
2400019,Bikanerwala,"North Indian, Street Food, Fast Food",Allahabad,India,224,4.2
18889008,EDEN by Connoisseur,"North Indian, Chinese, Continental",Allahabad,India,95,4.5
2400403,Pind Balluchi,"North Indian, Mughlai",Allahabad,India,305,4.3
2400020,Aryan Family's Delight,"North Indian, South Indian, Fast Food",Allahabad,India,298,4.3
2400533,SCORE - The Games Cafe,"Cafe, Desserts, Beverages",Allahabad,India,332,4.5
18901221,7th Heaven,"Bakery, Italian, Continental, Desserts",Allahabad,India,78,4.0
2400390,Haldiram Bhujiawala,"North Indian, Fast Food, Street Food, South Indian, Chinese",Allahabad,India,313,4.1
2500904,Kef Lounge,"North Indian, Chinese, Thai",Aurangabad,India,256,4.6
2500672,SNT Tahari House ,Maharashtrian,Aurangabad,India,379,4.4
2500034,Green Leaf,"Chinese, North Indian",Aurangabad,India,798,4.8
2500969,Mustafa's Dum Biryani,Biryani,Aurangabad,India,787,3.7
2500346,Yalla Yalla,"North Indian, Hyderabadi, Biryani",Aurangabad,India,576,4.3
2500135,Domino's Pizza,"Pizza, Fast Food",Aurangabad,India,511,2.6
2500211,Saurabh Restaurant,"North Indian, Mughlai, Biryani, South Indian, Chinese",Aurangabad,India,356,4.7
2500123,Great Sagar Restaurant,"North Indian, Mughlai, Kebab, Biryani",Aurangabad,India,458,4.1
2500332,KFC,"Burger, Fast Food",Aurangabad,India,436,4.3
2500030,Bhoj Restaurant,North Indian,Aurangabad,India,527,4.6
2500654,Sagar Restaurant ,North Indian,Aurangabad,India,278,4.0
2500055,Smile Veg Restaurant,"North Indian, South Indian, Fast Food, Chinese",Aurangabad,India,387,4.3
2500164,Koyla Dum Biryanis & Kebabs,Biryani,Aurangabad,India,487,2.7
2500353,Pizza Hut,"Pizza, Fast Food",Aurangabad,India,434,4.0
2500385,Gayatri Mewad,Maharashtrian,Aurangabad,India,329,4.5
2500146,Sai Prasad,"North Indian, Chinese",Aurangabad,India,350,4.5
2500241,Cone-N-Cakes,"Desserts, Fast Food",Aurangabad,India,263,4.4
2500052,Ashoka's Veg Restaurant,"South Indian, Chinese, North Indian",Aurangabad,India,280,4.0
18796129,Shahi Mughal Darbar,"North Indian, Mughlai, Chinese",Aurangabad,India,225,4.5
2500134,Domino's Pizza,"Pizza, Fast Food",Aurangabad,India,386,3.1
2600334,Sagar Gaire Fast Food,"North Indian, South Indian, Chinese, Fast Food, Beverages",Bhopal,India,1393,4.5
2600081,Zam Zam Fast Food,North Indian,Bhopal,India,1551,4.3
2600369,Sagar Gaire Fast Food,"Fast Food, Chinese, Beverages",Bhopal,India,999,4.5
2600499,Zam Zam Fast Food,"North Indian, Mughlai",Bhopal,India,863,4.1
2600003,Manohar Dairy And Restaurant,"Street Food, South Indian, Fast Food, Desserts, North Indian, Chinese, Bakery, Mithai",Bhopal,India,753,4.4
2600109,Sagar Gaire Fast Food,"North Indian, South Indian, Chinese, Fast Food, Beverages",Bhopal,India,2470,4.6
2600665,Vishnu Chinese Fast Food,"North Indian, South Indian, Chinese, Fast Food",Bhopal,India,797,4.3
2600321,Sagar Gaire Fast Food,"North Indian, South Indian, Chinese, Fast Food, Beverages",Bhopal,India,755,4.2
2600051,Al-Beik,Fast Food,Bhopal,India,1017,4.3
18154918,Khan Sahab,Mughlai,Bhopal,India,737,4.2
2601361,Sagar Gaire Fast Food,"South Indian, North Indian, Chinese, Fast Food, Beverages",Bhopal,India,639,4.1
2600320,Sagar Gaire Fast Food,"North Indian, South Indian, Chinese, Fast Food, Beverages",Bhopal,India,1157,4.4
18812768,Anni Bhai ki Biryani,Biryani,Bhopal,India,276,4.5
2600047,Bapu Ki Kutia,"North Indian, Chinese, South Indian, Fast Food, Street Food",Bhopal,India,519,3.9
2601776,Khan Chacha,North Indian,Bhopal,India,591,4.0
18772225,Sagar Gaire Fast Food,"Fast Food, Chinese, South Indian, Beverages",Bhopal,India,356,4.1
2601248,Sagar Gaire Fast Food,"South Indian, North Indian, Chinese, Fast Food, Beverages",Bhopal,India,496,4.2
2601595,Sagar Gaire Fast Food,"South Indian, North Indian, Chinese, Fast Food, Beverages",Bhopal,India,386,4.1
2600913,32 Degree North East,North Indian,Bhopal,India,308,4.6
2600008,Bake N Shake,"Bakery, Chinese, Continental, Pizza, Italian, Sandwich, Beverages, Cafe",Bhopal,India,649,4.6
2700085,Kaveri - Lalpur,"North Indian, Chinese, South Indian, Biryani, Fast Food",Ranchi,India,809,4.2
2700048,Domino's Pizza,"Pizza, Fast Food",Ranchi,India,1053,4.1
2700059,Punjab Sweet House,"Mithai, Street Food, Desserts, South Indian, Beverages",Ranchi,India,915,4.5
18388053,The Best,"North Indian, Pizza, South Indian, Bakery, Fast Food, Sandwich, Burger",Ranchi,India,398,4.3
2700606,Second Wife Restaurant,"Chinese, Fast Food, Burger",Ranchi,India,381,4.2
2700423,Punjabi Kitchen,"North Indian, Biryani, Fast Food",Ranchi,India,588,4.2
2700336,The Mezbaan,"North Indian, Biryani, Chinese, Fast Food",Ranchi,India,616,4.0
2700986,Domino's Pizza,"Pizza, Fast Food",Ranchi,India,596,3.7
2700458,The Breaking Bread,"Cafe, Bakery, Italian",Ranchi,India,395,4.6
18159977,Hot Lips,"North Indian, Chinese, Biryani, Pizza, Street Food, Desserts, Beverages",Ranchi,India,327,4.2
2700558,KFC,"Burger, Fast Food",Ranchi,India,336,4.2
2700489,Jashn,"North Indian, Chinese, Fast Food",Ranchi,India,370,4.3
2700044,KFC,"Burger, Fast Food",Ranchi,India,584,4.1
2700024,New Kathi Kabab,"North Indian, Chinese, Biryani, Fast Food",Ranchi,India,607,4.1
2700047,Domino's Pizza,"Pizza, Fast Food",Ranchi,India,513,3.8
2700081,Seasons Restaurant,"North Indian, Chinese, Fast Food, Biryani, Street Food, Pizza, Desserts, Beverages",Ranchi,India,457,4.1
2700696,Kareem's,"Biryani, North Indian, Mughlai, Street Food, Desserts",Ranchi,India,485,4.2
2700779,Sardar Fast Food Plaza,"Chinese, North Indian, Biryani, Fast Food",Ranchi,India,384,3.9
2700049,Pizza Hut,Pizza,Ranchi,India,373,4.2
2700011,Seventh Heaven,"South Indian, North Indian, Chinese, Pizza, Street Food, Biryani, Burger, Sandwich",Ranchi,India,520,4.3
2800993,Zeeshan Restaurant - Apna Hyderabadi Food,"Hyderabadi, Mughlai",Vizag,India,1986,4.3
2800294,Sri Sairam Parlour,"South Indian, North Indian",Vizag,India,1377,4.6
2801554,Helapuri Restaurant,"Biryani, Chinese, North Indian, South Indian",Vizag,India,1283,4.1
2800014,KFC,"Burger, Fast Food",Vizag,India,1825,4.3
2800096,Kamat Restaurant,"Andhra, North Indian, Chinese, Seafood, Biryani",Vizag,India,1468,4.4
2801173,Paradise,"Biryani, North Indian, Chinese",Vizag,India,1073,3.8
2801561,Indian Flavours Restaurant,"North Indian, Chinese, Biryani, South Indian",Vizag,India,672,4.0
18766029,Helapuri Restaurant,"Biryani, Chinese, North Indian, South Indian",Vizag,India,553,3.8
2801545,Helapuri Restaurant,"Biryani, Chinese, North Indian",Vizag,India,596,4.0
2801559,Hotel V Parlour,"South Indian, North Indian, Chinese",Vizag,India,593,4.2
2800083,My Restaurant,"Andhra, North Indian, Chinese, Biryani",Vizag,India,825,4.2
2801648,Helapuri Restaurant,"Biryani, Chinese, North Indian, South Indian",Vizag,India,582,3.7
2800901,Paradise,"Biryani, North Indian, Chinese",Vizag,India,1707,3.8
2801034,"Fresh Choice- Patisserie, Bakery & Café","Bakery, Cafe",Vizag,India,430,4.7
2800790,Hotel Grand Alpha,"Biryani, North Indian, Chinese",Vizag,India,1010,2.9
2800868,Raju's Kitchen,"Chinese, North Indian, Fast Food",Vizag,India,544,4.1
2801236,KFC,"Burger, Fast Food",Vizag,India,1035,4.0
18809359,Helapuri Tiffins,South Indian,Vizag,India,499,3.8
2800114,New Satyam Multicuisine Restaurant & Takeaway,"North Indian, Chinese, Andhra",Vizag,India,847,4.0
2800903,Mekong - Hotel GreenPark,"Chinese, Thai, Burmese, Vietnamese, Tibetan, Japanese, Momos",Vizag,India,635,4.7
18805782,Chili's Grill & Bar,"Tex-Mex, Fast Food",Bhubaneshwar,India,301,4.9
2902018,Biryani Bhubaneswar,Biryani,Bhubaneshwar,India,1393,4.0
18991874,Breathe By Biswajit,"North Indian, Chinese, Seafood, Desserts, Beverages",Bhubaneshwar,India,90,3.8
2901195,BOCCA Cafe,Cafe,Bhubaneshwar,India,733,4.5
2900234,TCD Restaurant & Banquet,"Fast Food, North Indian, Chinese",Bhubaneshwar,India,872,4.1
2900509,Chandini Food Magic,Fast Food,Bhubaneshwar,India,579,3.2
18237402,Biggies Burger 'n' More,Fast Food,Bhubaneshwar,India,676,4.4
18271459,JUGAAD JN.,"North Indian, Rajasthani",Bhubaneshwar,India,1112,4.3
2901460,Sher-e-Punjab,"North Indian, Chinese, Mughlai",Bhubaneshwar,India,659,3.7
18770281,Three Kings,"Arabian, Mughlai, Lebanese",Bhubaneshwar,India,333,4.5
2900667,Biryani247,"Biryani, North Indian, Mughlai, Momos",Bhubaneshwar,India,1107,3.9
2900453,KFC,"Burger, Fast Food",Bhubaneshwar,India,669,4.2
2900474,Narula's Restaurant,"North Indian, Mughlai",Bhubaneshwar,India,931,4.4
18848926,Moody Blues,"Chinese, Italian, Continental, Mexican, Arabian",Bhubaneshwar,India,324,4.5
18753913,Biriyani King,Biryani,Bhubaneshwar,India,559,3.9
18285395,Biriyani Box,"Biryani, Hyderabadi, Rolls, Kebab",Bhubaneshwar,India,836,3.9
2900232,Domino's Pizza,"Pizza, Fast Food",Bhubaneshwar,India,831,4.1
2900222,KFC,"Burger, Fast Food",Bhubaneshwar,India,957,4.0
2900793,JUGAAD JN.,Fast Food,Bhubaneshwar,India,499,4.2
2900658,Biggies Burger 'n' More,"Fast Food, Burger",Bhubaneshwar,India,940,4.7
3000152,Cock Ra Co,"North Indian, Chinese, South Indian",Coimbatore,India,489,4.2
3000214,Shahi Grill,"Chettinad, North Indian, Chinese",Coimbatore,India,654,4.1
3001572,The French Door Cafe & Restaurant,"Cafe, Continental, French, North Indian, European",Coimbatore,India,429,4.7
3002026,The Chocolate Room,"Cafe, Desserts",Coimbatore,India,356,4.9
3001032,Burger Ka Baap,"Fast Food, Burger",Coimbatore,India,816,4.9
3002715,Yugo,Cafe,Coimbatore,India,450,4.3
3000107,Haribhavanam,"South Indian, Chettinad, North Indian",Coimbatore,India,685,4.3
18242351,Eleven 2 Eleven,"Chinese, North Indian, Seafood, South Indian",Coimbatore,India,277,4.1
3002291,Dindigul Venu Biryani,Biryani,Coimbatore,India,349,4.0
3001315,Hotel Delhi Dharbarr,"South Indian, Chinese, Biryani",Coimbatore,India,444,4.0
3000048,Barbeque Nation,"North Indian, European, Mediterranean",Coimbatore,India,881,4.8
3000280,Denmarrk Drive-Inn Restaurant,"North Indian, Chinese",Coimbatore,India,320,4.1
3000572,Sree Annapoorna Sree Gowrishankar,"South Indian, Chinese, North Indian",Coimbatore,India,229,4.4
3000014,Sree Annapoorna Sree Gowrishankar,"South Indian, North Indian, Chinese",Coimbatore,India,427,4.6
18671982,Zucca Pizzeria,"Pizza, Fast Food",Coimbatore,India,374,4.4
18241403,Vaskas Biriyani,"Biryani, Mughlai",Coimbatore,India,482,3.8
3000018,Dindigul Venu Biryani,Biryani,Coimbatore,India,477,4.2
3000251,Pizza Hut,Pizza,Coimbatore,India,331,4.0
3002287,The Slave's Restaurant,"South Indian, Italian, American, Salad",Coimbatore,India,236,4.2
3000811,Shree Anandhaas,"South Indian, North Indian, Chinese",Coimbatore,India,239,4.5
3100210,Ideal Cafe,"Ice Cream, South Indian, Fast Food, Beverages, Desserts",Mangalore,India,855,4.6
3100196,Pabbas,"Ice Cream, Desserts, Beverages, Fast Food",Mangalore,India,1819,4.9
3100302,Machali,"Seafood, Mangalorean, South Indian",Mangalore,India,1197,4.6
3100753,Bamboo Restaurant,"Biryani, North Indian",Mangalore,India,537,4.1
18656648,Waffee House,"Desserts, Beverages",Mangalore,India,408,4.4
3100010,Diesel Cafe,"American, Italian, Pizza, Sandwich",Mangalore,India,543,4.3
3100448,Spindrift,"Continental, Pizza, Italian, Steak, Thai, Finger Food",Mangalore,India,544,4.3
3100924,Dinki Dine,"North Indian, Chinese, South Indian, Burger, Desserts, Beverages",Mangalore,India,315,4.2
3100111,Tandoor,"Seafood, Mangalorean, North Indian, South Indian, Biryani",Mangalore,India,207,4.2
3100044,Village Restaurant,"South Indian, Mangalorean, Arabian, Pizza, Biryani, Chinese, North Indian, Continental",Mangalore,India,633,4.2
3100006,Ideal's,"Ice Cream, Desserts, Beverages",Mangalore,India,529,4.5
3100159,Crave Desserts & Bakes,"Desserts, Bakery, Beverages",Mangalore,India,406,4.3
3100845,Drnk Lab,"Cafe, Burger, Beverages, Fast Food",Mangalore,India,206,3.9
3100134,Andhra House,"Biryani, Andhra, Chinese",Mangalore,India,300,4.0
3100837,Food Junction,"Charcoal Chicken, Arabian, Mughlai, Burger, Chinese, North Indian, Beverages, Desserts",Mangalore,India,240,4.1
3100169,The Old Prax,"Burger, Finger Food, Fast Food",Mangalore,India,326,3.9
3100524,Brick House,"Continental, Chinese",Mangalore,India,309,4.1
3100441,Barbeque Nation,"North Indian, Chinese",Mangalore,India,1134,4.6
3100016,Royal Darbar,"Mughlai, Biryani, North Indian, Desserts, Beverages",Mangalore,India,253,4.0
3100013,Hao Ming,"Chinese, Momos, Beverages",Mangalore,India,565,4.0
18502212,Munchane,"Pizza, Fast Food",Vadodara,India,1502,4.3
18409523,Jassi De Parathe,North Indian,Vadodara,India,1664,4.7
18767071,Day Night Vada Pav & Dabeli,Fast Food,Vadodara,India,491,4.5
3200244,Tasty Vada Pav,Street Food,Vadodara,India,398,4.5
3201876,Brown Burger Co,"Salad, Healthy Food, Sandwich, Fast Food, Beverages, Burger, Pizza",Vadodara,India,1043,4.3
3200606,Santushti Shakes & More,"Beverages, Desserts",Vadodara,India,597,4.5
3200477,Chhappanbhog Restaurant & Banquets,"Gujarati, North Indian",Vadodara,India,1236,3.8
3200424,Domino's Pizza,"Pizza, Fast Food",Vadodara,India,1068,3.9
3200981,Burger King,"Burger, Fast Food",Vadodara,India,1326,4.1
3201787,Saladific,"Healthy Food, Salad, Juices, Sandwich, Fast Food",Vadodara,India,755,4.1
3201965,Old School Eatery,"Fast Food, North Indian",Vadodara,India,570,4.8
18461598,Amritsari Kulcha,Street Food,Vadodara,India,497,4.6
3200029,KFC,"Burger, Fast Food",Vadodara,India,1073,4.2
3201461,Retro Bistro,"North Indian, Lebanese, Moroccan, Italian, Chinese, Continental, Mexican",Vadodara,India,649,4.4
3200139,Hariyali Restaurant,North Indian,Vadodara,India,570,4.2
3200560,Mr Toasties,Fast Food,Vadodara,India,425,3.9
3200555,Shree Kathiyawadi Khadki,"Gujarati, Rajasthani",Vadodara,India,460,4.3
3200298,Yo Frankie,Fast Food,Vadodara,India,301,4.3
3200665,Barbeque Nation,"Mughlai, North Indian",Vadodara,India,349,4.7
3200857,Flavor Restaurant,"Gujarati, North Indian",Vadodara,India,854,4.0
3300072,Dosa Plaza,"Chinese, Fast Food, South Indian",Nagpur,India,778,4.0
18706194,Goosebumps,"Ice Cream, Bakery, Street Food, Chinese",Nagpur,India,711,4.3
3301708,Plan B,"Burger, Salad, Sandwich, Fast Food, Beverages",Nagpur,India,311,4.5
3300056,Barbecue Restaurant,North Indian,Nagpur,India,1143,4.8
3301462,Three Beans,"Cafe, Italian, Continental",Nagpur,India,626,4.4
3300012,Mini Punjab,"Chinese, North Indian, Mughlai",Nagpur,India,1800,3.6
18623894,Bouffage Cafe & Bistro,"Cafe, Continental, North Indian",Nagpur,India,656,4.7
18748677,The Civil Kitchen,"Chinese, Sandwich, Fast Food, North Indian, Burger, Kebab, Mughlai, Desserts",Nagpur,India,232,4.2
3300707,KFC,"Burger, Fast Food",Nagpur,India,2101,4.2
3300958,Barbeque Nation,"North Indian, Chinese, BBQ",Nagpur,India,1274,4.9
3301605,Roast Cafe,"Cafe, Roast Chicken, Fast Food, Wraps, Rolls, Kebab, Desserts",Nagpur,India,863,4.5
18717585,Tanjore - Enter the Deccan,South Indian,Nagpur,India,410,4.5
3301200,Behrouz Biryani,Biryani,Nagpur,India,675,4.1
18394440,Uttar Dakshin by Naivedhyam,"North Indian, South Indian",Nagpur,India,1340,4.8
3300011,Babbu Hotel,"North Indian, Biryani",Nagpur,India,972,4.1
3300058,The Breakfast Story,Cafe,Nagpur,India,1081,4.5
3301013,Zaikart,"North Indian, Mughlai, Chinese",Nagpur,India,1647,4.2
18795312,Juhi's Kitchen,North Indian,Nagpur,India,253,4.7
18664896,Burger Singh,"Fast Food, Burger",Nagpur,India,661,4.1
3301766,Hunger's Den Restaurant & Cafe,"Chinese, Fast Food, North Indian",Nagpur,India,563,4.1
18888066,Kiskey Whiskey,"North Indian, Continental, Chinese",Agra,India,307,4.5
3401013,Bhagat Halwai,"Fast Food, Mithai",Agra,India,626,4.2
3400299,Bikanervala,"North Indian, South Indian, Mithai, Street Food, Desserts",Agra,India,640,4.4
3400290,Bhagat Halwai,"Desserts, Bakery, Fast Food, South Indian",Agra,India,553,4.3
3400005,Mama Chicken Mama Franky House,"North Indian, Mughlai, Rolls, Chinese, Fast Food, Street Food",Agra,India,893,4.3
3401344,Cafe Turquoise Cottage,"North Indian, Chinese, Continental, Italian, Pizza",Agra,India,292,4.7
3400296,Honeydew Restaurant,"North Indian, Fast Food, Chinese, South Indian",Agra,India,484,4.1
3400712,The Greener Side,Fast Food,Agra,India,408,4.4
18966639,Fakira,North Indian,Agra,India,41,4.0
3400275,Domino's Pizza,"Pizza, Fast Food",Agra,India,585,3.9
3400425,Bikanervala,"North Indian, South Indian, Mithai, Street Food, Desserts",Agra,India,447,4.4
3400868,Hichkee,"Continental, North Indian, Chinese",Agra,India,581,4.4
3400850,Urban Deck,"Mexican, Italian, North Indian",Agra,India,606,4.3
3400105,Pizza Hut,"Italian, Pizza",Agra,India,546,4.0
3400279,Mc Donald's,"Burger, Fast Food",Agra,India,644,4.2
3400017,Pinch Of Spice,"North Indian, Chinese, Mughlai",Agra,India,860,4.5
3400282,Aahar,"North Indian, South Indian, Chinese, Bakery, Momos",Agra,India,368,4.0
3400277,Pizza Hut,"Italian, Pizza",Agra,India,331,3.8
3400326,Tea'se Me - Rooftop Tea Boutique,"Chinese, Italian, Continental, North Indian",Agra,India,673,4.7
3400368,Domino's Pizza,"Pizza, Fast Food",Agra,India,475,3.8
3500424,Gaylord Xpress,Fast Food,Dehradun,India,623,3.9
3500484,Kalsang AMA Cafe,Cafe,Dehradun,India,800,4.9
3500505,Barbeque Nation,"North Indian, Mediterranean, BBQ, Chinese",Dehradun,India,620,4.8
3500218,Uss Da Dhaba,North Indian,Dehradun,India,575,4.2
3502144,Mannu Fast Food,"Fast Food, North Indian, Chinese",Dehradun,India,315,4.3
3501639,70 Percent Restro Cafe,"Cafe, Italian, Continental, Healthy Food, Momos",Dehradun,India,314,4.5
3500437,Walk In Woods,"North Indian, Pizza, Chinese, Mughlai",Dehradun,India,405,4.3
18391854,Burger King,"Burger, Fast Food",Dehradun,India,323,4.1
18754629,Domino's Pizza,"Pizza, Fast Food",Dehradun,India,393,3.8
18408585,Punjab Grill,"Mughlai, North Indian",Dehradun,India,803,4.7
3500017,Anandam,"Desserts, North Indian, Chinese, South Indian, Fast Food, Street Food",Dehradun,India,376,4.2
3500250,Ellora's Melting Moments,"Desserts, Bakery, Fast Food",Dehradun,India,309,4.3
3500078,Orchard,"Chinese, Tibetan, Thai, Momos",Dehradun,India,748,4.6
3501364,Chicago BR,"North Indian, Fast Food, Pizza, Desserts",Dehradun,India,285,4.1
3500193,KC Soup Bar,"Fast Food, Chinese, Tibetan, Momos",Dehradun,India,251,3.9
18699236,Tuhada Dhaba,North Indian,Dehradun,India,229,4.0
3500011,Kalsang Friends Corner,"Chinese, Thai, Tibetan, Momos",Dehradun,India,813,4.4
3500969,Cafe De Piccolo,"Cafe, Italian",Dehradun,India,382,4.3
18416632,The Great Indian Pub,"North Indian, Italian, Finger Food",Dehradun,India,308,4.4
3500010,Black Pepper Restaurant,"North Indian, Chinese, Continental",Dehradun,India,421,4.1
3600012,Empire Restaurant,"North Indian, Mughlai, South Indian, Chinese, Andhra",Mysore,India,2028,4.2
3600375,The Old House,"Italian, Pizza",Mysore,India,753,4.7
3600017,Gufha Restaurant,"North Indian, Biryani, Chinese",Mysore,India,955,4.3
3600065,Hotel RRR,"Biryani, South Indian, Andhra",Mysore,India,533,4.2
3600122,Kafe Biryani Corner,Biryani,Mysore,India,382,4.3
3601144,Kapoor's Cafe,"North Indian, Desserts, Beverages",Mysore,India,282,4.3
3600119,Big Chicken,"North Indian, Chinese, Burger, Biryani, Arabian",Mysore,India,554,4.3
3600593,Frosting,"Italian, Continental, Burger",Mysore,India,374,4.5
3600817,Etihad Arabian Restaurant,"Arabian, Biryani",Mysore,India,314,4.1
3600352,Barbeque Nation,"North Indian, European, Mediterranean",Mysore,India,812,4.6
3600389,Highway 18,"South Indian, North Indian, Chinese, Desserts, Beverages",Mysore,India,357,4.0
3600018,KFC,"Burger, Fast Food",Mysore,India,483,3.9
3600013,Green Leaf,"North Indian, Chinese, South Indian, Bakery",Mysore,India,474,4.0
3600192,Spring - Radisson Blu Plaza,"Continental, North Indian, South Indian",Mysore,India,284,4.4
3600015,Original Vinayaka Mylari,South Indian,Mysore,India,814,4.8
3600148,Andhra Ruchulu,"Biryani, Desserts",Mysore,India,409,4.1
3600265,Jalpaan Dining Saga,"Italian, North Indian, Chinese",Mysore,India,437,4.3
3600252,Hotel RRR Mysore,Andhra,Mysore,India,528,4.1
3600072,Nanking,"Chinese, Momos, Thai",Mysore,India,482,4.2
3600403,Hotel Hanumanthu,"Biryani, South Indian",Mysore,India,449,4.2
3700054,Cafe Xtasi,"Italian, Pizza",Puducherry,India,2617,3.9
3700051,Cafe des Arts,Cafe,Puducherry,India,818,3.9
3700050,Baker Street,"Bakery, French",Puducherry,India,1548,4.4
3700770,Escape In,"North Indian, Continental, Chinese, Arabian, BBQ, Beverages, Desserts, Ice Cream",Puducherry,India,725,4.1
3700021,The Indian Kaffe Express,"Cafe, North Indian",Puducherry,India,877,4.2
3701200,Les Saveurs,"French, European",Puducherry,India,184,4.3
18378803,#Dilliwaala6,"Street Food, Continental, North Indian, Chinese, Salad, Finger Food",Puducherry,India,975,4.3
3700049,Villa Shanti,Continental,Puducherry,India,1096,4.4
3700041,Zuka,"Desserts, Bakery",Puducherry,India,1019,4.6
3701130,PY Cafe,"Salad, Cafe, Sandwich, Italian, Juices, Desserts",Puducherry,India,201,4.2
3700572,Bread & Chocolate,"Bakery, Cafe, Healthy Food",Puducherry,India,378,4.7
3700649,Taka Pizza,"Italian, Pizza",Puducherry,India,888,4.3
3700069,Le Cafe,Cafe,Puducherry,India,1436,3.3
3700010,Auroville Bakery,Bakery,Puducherry,India,431,4.2
3700656,Margaritas,"Mexican, Continental, American, Desserts, Finger Food, Ice Cream, Juices, Salad",Puducherry,India,960,4.4
3700037,Le Dupleix,"North Indian, French, Continental",Puducherry,India,846,4.2
3700017,The Pasta Bar Veneto,"Healthy Food, Continental, Italian, Sandwich, Salad",Puducherry,India,623,4.0
3700723,SICILYS,"Italian, Cafe, Burger, Pizza, Beverages",Puducherry,India,312,4.0
3700047,Surguru,"South Indian, North Indian, Chinese",Puducherry,India,484,4.1
3700009,Tanto,"Pizza, Italian",Puducherry,India,879,4.2
3800420,Mahalakshmi,"Fast Food, Juices",Surat,India,1229,4.6
18744566,Burger King,"Burger, Fast Food",Surat,India,563,4.0
3800007,Barbeque Nation,"North Indian, European, Mediterranean",Surat,India,622,4.7
3800321,Coffee King,"Cafe, Pizza, Italian, Fast Food, Chinese, Beverages, Desserts",Surat,India,755,4.6
18589557,Vegji's,"Fast Food, Sandwich, Lebanese",Surat,India,429,4.2
19003551,Icekraft,"Ice Cream, Desserts, Fast Food",Surat,India,59,4.3
3800583,Kailash Sweets & Snacks,"Mithai, Street Food, Beverages",Surat,India,385,4.2
3800696,Kailash Sweet & Snacks,"Street Food, Mithai, Beverages",Surat,India,399,4.4
3800313,Bhai Bhai Omelette Center,Fast Food,Surat,India,594,4.6
18760674,Sarvottam Hotel,"North Indian, Chinese",Surat,India,382,4.1
18551944,Coffee King,"Cafe, Desserts, Fast Food",Surat,India,989,4.7
3800068,Jalaram Khichadi,"Gujarati, North Indian, Biryani, Beverages",Surat,India,261,4.1
3800390,Singh Saaab Di Rasoi,"North Indian, Chinese, Biryani, Desserts, Beverages",Surat,India,380,4.3
18349362,Harikrushna Restaurant,"Gujarati, North Indian, Biryani, Beverages",Surat,India,266,4.3
18778476,Bismillah,"Beverages, North Indian",Surat,India,197,4.2
18783529,Kailash Sweets & Snacks,"Mithai, Street Food, Beverages",Surat,India,275,4.3
3800537,Mahesh Pav Bhaji,"South Indian, Street Food, Chinese, Desserts, Beverages",Surat,India,424,3.9
3800017,Pizza Hut,"Pizza, Fast Food, Italian",Surat,India,598,4.0
3800293,Kailash Sweets & Snacks,"Mithai, Street Food, Beverages",Surat,India,343,4.3
3800690,Bismillah,"Beverages, North Indian",Surat,India,366,4.4
3900223,Sha Chicken Hut,"Lucknowi, Mughlai",Varanasi,India,804,4.4
18803653,KFC,"Burger, Fast Food",Varanasi,India,462,4.5
3900067,Taste King,"North Indian, Fast Food",Varanasi,India,601,4.3
18610032,Crood Square,"North Indian, Continental, Italian, Chinese, Desserts",Varanasi,India,249,4.3
3900057,Ming Garden,"Beverages, Desserts, Pizza, Chinese",Varanasi,India,735,4.3
3900045,Domino's Pizza,"Pizza, Fast Food",Varanasi,India,721,3.8
3900253,Sagar Ratna,South Indian,Varanasi,India,211,3.9
3900267,Roma's Café Diner,"Continental, Cafe, North Indian, Italian, Asian, Mediterranean, Mexican",Varanasi,India,877,4.6
18689916,The Yellow Chilli,"North Indian, Mughlai",Varanasi,India,108,4.4
3900245,Deena Chat Bhandar,Street Food,Varanasi,India,446,4.6
18652184,Doodh Booth,"Burger, Beverages, Fast Food, Cafe, Italian",Varanasi,India,427,4.0
3900135,Maharaja Restaurant,"Chinese, Rolls",Varanasi,India,358,4.0
18787962,Cafe de Coop,Fast Food,Varanasi,India,140,4.2
3900032,Kashi Chat Bhandar,Street Food,Varanasi,India,735,4.8
3900455,The Tripling Bistro,"Continental, Mexican, Burger, Fast Food, Italian, Pizza, Chinese, Middle Eastern",Varanasi,India,316,4.1
3900037,Pizza Hut,"Italian, Pizza",Varanasi,India,444,3.9
3900138,McDonald's,"Burger, Fast Food",Varanasi,India,414,4.1
3900266,Holy Chopsticks,"Chinese, Thai, Momos",Varanasi,India,445,4.5
18676368,Barbeque Nation,"North Indian, Chinese, BBQ",Varanasi,India,370,4.9
3900043,Domino's Pizza,"Pizza, Fast Food",Varanasi,India,452,3.9
4000412,Aasman,"North Indian, Continental, Chinese",Patna,India,846,4.8
18640853,Foresto Paradise,"North Indian, Chinese, Continental",Patna,India,593,4.7
4000320,Haldiram,"Fast Food, North Indian, South Indian, Chinese, Desserts",Patna,India,833,4.5
4000265,Harilal's,"North Indian, Fast Food, Mithai",Patna,India,416,4.5
18343124,Swaaddesh,"North Indian, Chinese, Beverages",Patna,India,703,4.4
4000274,KFC,"Burger, Fast Food",Patna,India,698,4.3
18746152,Hungry Hope,"North Indian, Chinese",Patna,India,522,3.6
4000009,Domino's Pizza,"Pizza, Fast Food",Patna,India,1216,4.0
4000289,The Biryani Mall,"Biryani, Mughlai, Chinese",Patna,India,855,4.0
18625991,Barbeque Nation,"North Indian, Chinese",Patna,India,633,4.9
4000018,Kapil Dev's Eleven,"North Indian, Chinese, Continental",Patna,India,376,4.4
4000016,Bansi Vihar Restaurant,"South Indian, Chinese",Patna,India,444,4.4
18573326,Biryani Mahal,"Biryani, Mughlai",Patna,India,752,4.1
18705092,Harilal's,"Mithai, Fast Food",Patna,India,557,4.2
18706220,Zaaffran,"North Indian, Fast Food",Patna,India,393,4.4
4000336,Pizza Hut,"Pizza, Italian",Patna,India,431,2.5
4000015,Nirvana,"North Indian, Chinese",Patna,India,432,4.3
4000053,Biryani House,"Biryani, Mughlai",Patna,India,734,4.0
18616231,Chaska The Addiction,"North Indian, Mughlai, Chinese, Biryani",Patna,India,528,3.9
4000049,Lakhu Da Dhaba,"North Indian, Chinese",Patna,India,459,3.9
18560275,Barbeque Nation,"Indian, BBQ, Continental",Dubai,UAE,1212,4.6
18534988,Masala Wok,"Indian, Chinese, Kebab",Dubai,UAE,1100,4.3
210139,Grub Shack,"Goan, Chinese, Indian, North Indian",Dubai,UAE,1735,4.4
201693,Dhaba Lane,"Indian, North Indian, Kebab",Dubai,UAE,1233,4.4
209723,Azkadenya,"Arabian, Lebanese",Dubai,UAE,660,4.3
18621395,Highway 311 Grills and Eatery,"Mexican, Peruvian, Latin American",Dubai,UAE,458,4.5
207770,Mint Leaf of London,"Indian, North Indian, Contemporary",Dubai,UAE,2092,4.9
209748,Kulcha King,"Indian, Biryani, Kebab, North Indian",Dubai,UAE,1157,4.1
205432,Old Castello Restaurant & Cafe,"Indian, Arabian, Middle Eastern, Italian, Pizza",Dubai,UAE,525,4.4
18549283,Sthan,"Biryani, North Indian, Pakistani, Mughlai, Afghan, Indian, Kebab",Dubai,UAE,1591,4.2
200376,California Pizza Kitchen,"Pizza, American",Dubai,UAE,1244,4.2
203518,The Huddle Sports Bar and Grill - Citymax Hotels Bur Dubai,"Steak, Continental, North Indian",Dubai,UAE,1492,4.9
18233284,Farzi Cafe,"Indian, Contemporary",Dubai,UAE,2095,4.6
18604803,Dillicious,"Indian, Mughlai, North Indian, Kebab",Dubai,UAE,900,4.0
18650045,Tamarind Terrace,"Kerala, South Indian, Indian",Dubai,UAE,875,4.0
18820043,Biryaniwalla & Co,"Biryani, Hyderabadi, North Indian",Dubai,UAE,535,3.9
210370,Texas De Brazil,Brazilian,Dubai,UAE,1301,4.8
18259525,Real Momos,"Chinese, Asian, Street Food",Dubai,UAE,885,3.7
209654,Rasoi Ghar,"Indian, Gujarati, Rajasthani",Dubai,UAE,2600,4.6
200377,California Pizza Kitchen,"Pizza, American",Dubai,UAE,1198,4.3
18485435,The Curry Culture,"Continental, Indian, Asian",Singapore,Singapore,80,4.9
18483420,Burnt Ends,"American, European, Australian, Steak",Singapore,Singapore,37,4.7
18482848,Singapore Zam Zam Restaurant,"South Indian, Singaporean, Middle Eastern, Indian",Singapore,Singapore,75,4.7
18496115,Komala Vilas Restaurant,"Indian, North Indian, South Indian",Singapore,Singapore,100,4.7
18482886,Corner House,"Continental, French",Singapore,Singapore,25,4.9
18484349,Cut By Wolfgang Puck,"American, Steak",Singapore,Singapore,52,4.9
18483222,Jaan,French,Singapore,Singapore,30,4.7
18484299,Melt Cafe,"Singaporean, European, Seafood, Indian, Japanese, Continental",Singapore,Singapore,31,4.8
18483051,Summer Pavilion,"Chinese, Seafood, Cantonese, Dim Sum",Singapore,Singapore,28,4.8
18483372,Sky On 57,"Chinese, Continental, Singaporean",Singapore,Singapore,32,4.8
18483595,Edge,"Chinese, Thai, Japanese, Italian",Singapore,Singapore,19,4.5
18485564,Wild Honey,"European, Spanish, American, Cafe",Singapore,Singapore,72,4.9
18485572,Carousel,"Mediterranean, Asian, Japanese, Sushi, Seafood, French",Singapore,Singapore,25,4.6
18483714,Fratini La Trattoria,Italian,Singapore,Singapore,21,4.8
18483374,My Awesome Cafe,"Continental, European",Singapore,Singapore,23,4.9
18483658,Basilico,Italian,Singapore,Singapore,25,4.8
18484464,Colony,"Asian, Continental, Seafood, Bakery",Singapore,Singapore,45,4.9
18483362,Adrift By David Myers,"American, Asian, Continental, Fusion",Singapore,Singapore,20,4.6
18493989,Makansutra Gluttons Bay,"Singaporean, Chinese, Seafood, Malay, Indian",Singapore,Singapore,41,4.7
18494038,Peach Blossoms,"Singaporean, Chinese, Dim Sum, Healthy Food, Seafood, Cantonese",Singapore,Singapore,13,4.0
5603572,Ushna,"Indian, North Indian",Sharjah,UAE,166,4.4
5601340,Aroos Damascus,"Arabian, Middle Eastern",Sharjah,UAE,1036,4.4
5600642,Katis Restaurant,"North Indian, Chinese, Hyderabadi",Sharjah,UAE,644,4.1
5604236,Malabar Regency,"Indian, Arabian, Middle Eastern",Sharjah,UAE,182,3.7
5602586,Saffron,"Pakistani, Chinese, Indian, Afghan",Sharjah,UAE,732,4.1
18386634,Momo House,"Chinese, Indian, Nepalese",Sharjah,UAE,877,4.6
5603322,Khanji,"Pakistani, Indian, Chinese",Sharjah,UAE,475,3.9
5603447,Eat Route,"Fast Food, Burger, American",Sharjah,UAE,574,4.6
5602215,Makani Restaurant,"Indian, North Indian, Mughlai",Sharjah,UAE,651,4.5
5600103,Najmat Lahore Restaurant,"Pakistani, Indian, Mughlai, Desserts",Sharjah,UAE,1158,4.1
5602106,Papa Murphy's Pizza,"Pizza, Italian",Sharjah,UAE,486,4.1
5601628,Laffah Cafeteria - كافتيريا لفاح,"Fast Food, Arabian, Middle Eastern",Sharjah,UAE,737,4.6
18268134,Zaroob,Lebanese,Sharjah,UAE,297,4.1
5600959,Nayaab Haandi,"Pakistani, Indian",Sharjah,UAE,970,4.3
5603697,Al Miqat,"Indian, Seafood, Pakistani, Grill",Sharjah,UAE,186,4.2
5601952,Delhi Nihari Restaurant,"Mughlai, Indian, Pakistani",Sharjah,UAE,613,3.7
5601723,The Pizza Company,Pizza,Sharjah,UAE,727,4.4
5600556,TGI Fridays,"American, Mexican",Sharjah,UAE,582,4.0
5601606,Shakespeare and Co. - شكسبير اند كو,"Cafe, Bakery",Sharjah,UAE,378,4.6
5604675,Molten Chocolate Cafe,Cafe,Sharjah,UAE,116,4.9
5701885,Max's Restaurant,Filipino,Abu Dhabi,UAE,1625,4.9
18403563,Texas de Brazil,Brazilian,Abu Dhabi,UAE,541,4.9
5702615,Via Delhi,"Indian, North Indian, Chinese",Abu Dhabi,UAE,1148,4.3
18340151,Famous Dave's Barbecue,"Burger, American, Steak",Abu Dhabi,UAE,458,4.6
5702148,Nando's,"Portuguese, African",Abu Dhabi,UAE,684,4.2
18431870,Parivar Restaurant,"Indian, Pakistani",Abu Dhabi,UAE,601,4.1
5702574,The Cheesecake Factory,"American, Desserts, Salad",Abu Dhabi,UAE,974,4.7
5701978,Pizza Di Rocco,"Italian, Pizza",Abu Dhabi,UAE,972,4.7
5702150,Papa Murphy's Pizza- World Trade Center Mall,Pizza,Abu Dhabi,UAE,779,3.9
5704255,Famous Dave's Barbecue,"Burger, American, Steak",Abu Dhabi,UAE,798,4.6
5700119,India Palace,"North Indian, Mughlai, Biryani, Indian",Abu Dhabi,UAE,546,4.0
5701025,India Palace,"North Indian, Mughlai, Biryani, Indian",Abu Dhabi,UAE,481,4.4
5704202,Hot Palayok,Filipino,Abu Dhabi,UAE,829,4.5
18493509,MYNT Indian Cuisine,Indian,Abu Dhabi,UAE,411,4.5
18212135,Denny's,American,Abu Dhabi,UAE,762,4.6
5701442,Peppermill,"Indian, North Indian, Mughlai, Biryani",Abu Dhabi,UAE,633,4.3
5702990,Jazz@PizzaExpress,"Italian, Pizza, Salad",Abu Dhabi,UAE,1374,4.8
18277098,Ming's Chamber,Asian,Abu Dhabi,UAE,657,4.8
5702486,Ghee Rice,"Indian, Kerala, Biryani",Abu Dhabi,UAE,693,3.9
18340175,The Yellow Chilli by Sanjeev Kapoor,"Indian, North Indian",Abu Dhabi,UAE,670,4.3
5800678,Harbour Court - The Kingsbury,"Italian, Seafood, Desserts",Colombo,Sri Lanka,174,4.4
5801085,Tea Avenue,Cafe,Colombo,Sri Lanka,335,4.5
5800240,The Gallery Cafe,"Sri Lankan, Italian, Seafood, Desserts",Colombo,Sri Lanka,242,4.7
5800710,The Manhattan Fish Market,"Seafood, Italian",Colombo,Sri Lanka,285,4.3
5800224,Sugar Bistro and Wine Bar,"Cafe, American, Continental",Colombo,Sri Lanka,172,4.4
5800746,T.G.I. Friday's,"American, Steak",Colombo,Sri Lanka,233,4.3
5800011,The Bavarian,German,Colombo,Sri Lanka,211,4.6
5800707,The Barnesbury,"American, Italian, Cafe",Colombo,Sri Lanka,291,4.2
5800646,Coco Veranda,"American, Cafe",Colombo,Sri Lanka,181,4.2
5800066,Java Lounge,"Cafe, Italian, Fast Food",Colombo,Sri Lanka,141,4.1
5800634,Elite Indian Restaurant,"North Indian, Chinese, Sri Lankan",Colombo,Sri Lanka,315,2.6
5800180,Cafe On The 5th,Sri Lankan,Colombo,Sri Lanka,224,4.0
5800947,The English Cake Company - The Cakery,"Desserts, Bakery",Colombo,Sri Lanka,114,4.1
5801131,Indian Summer,"Indian, Chinese",Colombo,Sri Lanka,187,4.3
5800590,The Commons,"Cafe, Sri Lankan, Continental, American",Colombo,Sri Lanka,303,4.2
5800536,The Mango Tree,"North Indian, Mughlai",Colombo,Sri Lanka,167,3.9
5800891,The Paddington,"Cafe, Italian",Colombo,Sri Lanka,136,3.8
5800289,The Coffee Bean & Tea Leaf,Cafe,Colombo,Sri Lanka,161,4.2
5800755,Upali's,Sri Lankan,Colombo,Sri Lanka,211,4.3
5800612,Burger's King,Fast Food,Colombo,Sri Lanka,237,4.0
18286221,Sarıhan,"Giblets, Izgara, Home-made",İstanbul,Turkey,500,4.4
5915530,Nusr-Et Steakhouse,Steak,İstanbul,Turkey,1990,4.6
18264711,Ercan Steakhouse,Steak,İstanbul,Turkey,503,4.1
5926083,Joker No:19,"Bar Food, Restaurant Cafe",İstanbul,Turkey,925,4.4
18453909,Asuman,Desserts,İstanbul,Turkey,861,4.6
18140481,Mendel's,"Desserts, Cafe",İstanbul,Turkey,1424,4.7
5916219,Biber Burger,Burger,İstanbul,Turkey,1580,4.6
5916870,Kukis,"Patisserie, Cafe, Turkish",İstanbul,Turkey,899,4.9
5902117,Valonia,"Restaurant Cafe, Desserts",İstanbul,Turkey,1871,4.3
5915409,Eleos Restaurant,"Greek, Fresh Fish, Old Turkish Bars",İstanbul,Turkey,1154,4.9
5906444,Tarihi Viktor Levi Şarap Evi,World Cuisine,İstanbul,Turkey,1177,4.6
5915054,Baltazar,"Burger, Izgara",İstanbul,Turkey,2015,4.2
5913508,Katibim,"Restaurant Cafe, Kebab, Turkish Pizza",İstanbul,Turkey,1141,4.2
18140482,BeerHall,"Finger Food, American",İstanbul,Turkey,1108,4.1
18384475,Happy Moon's,World Cuisine,İstanbul,Turkey,503,4.4
5908749,Ceviz Ağacı,"World Cuisine, Patisserie, Cafe",İstanbul,Turkey,1693,4.3
5906931,My Chef,"World Cuisine, Cafe",İstanbul,Turkey,1252,4.4
5904851,Limonlu Bahçe,Restaurant Cafe,İstanbul,Turkey,1645,4.5
18089353,Mükellef,"Old Turkish Bars, Turkish",İstanbul,Turkey,946,4.4
5923535,Boon Cafe & Restaurant,Restaurant Cafe,İstanbul,Turkey,1160,4.2
6000482,Mersinli Ciğerci Apo,"Izgara, Giblets, Kebab",Ankara,Turkey,360,4.5
6001317,Cafe Des Cafes,"Cafe, World Cuisine",Ankara,Turkey,237,4.7
6005865,The Italian Cut Pizza & Kitchen,Pizza,Ankara,Turkey,261,4.6
6000447,Masabaşı Kebapçısı,"Kebab, Turkish Pizza",Ankara,Turkey,360,4.6
6000168,Hattena Hatay  Sofrası,Kebab,Ankara,Turkey,343,4.8
6002297,Trilye,"Fresh Fish, Seafood",Ankara,Turkey,186,4.9
6000871,Çukurağa Sofrası,"Kebab, Izgara",Ankara,Turkey,450,4.5
6003858,Quick China,"Chinese, Thai, Sushi, Japanese, Asian",Ankara,Turkey,107,4.5
6004408,Turta Home Cafe,"Cafe, Desserts",Ankara,Turkey,256,4.4
6000185,La Gioia Cafe Brasserie,"Italian, European",Ankara,Turkey,154,4.7
6001980,Timboo Cafe,Cafe,Ankara,Turkey,234,4.3
6001545,Cafe Botanica,"Restaurant Cafe, Cafe",Ankara,Turkey,227,4.5
6000409,Cafemiz,"World Cuisine, Mexican, Italian",Ankara,Turkey,199,4.5
6002025,Masabaşı,"Kebab, Turkish Pizza",Ankara,Turkey,248,4.4
6001748,Meşhur Özçelik Aspava,"Kebab, Turkish Pizza",Ankara,Turkey,222,4.7
6005539,Zaytung Zone,Restaurant Cafe,Ankara,Turkey,151,3.9
6000019,Nusr-Et Steakhouse,Steak,Ankara,Turkey,229,4.4
6000921,Düveroğlu,"Kebab, Desserts, Turkish Pizza",Ankara,Turkey,242,4.3
6007004,Müslüm Kebap,Kebab,Ankara,Turkey,178,4.6
6000549,Meşhur Tavacı Recep Usta,Kebab,Ankara,Turkey,299,4.6
6114829,Duck & Waffle,British,London,United Kingdom,834,4.9
6107336,Sushi Samba,"Japanese, Sushi, Brazilian, Peruvian",London,United Kingdom,484,4.9
6113857,sketch Gallery,"British, Contemporary",London,United Kingdom,211,4.8
6104220,Roti Chai,"Indian, Street Food",London,United Kingdom,365,4.7
6103211,Dishoom,"Indian, North Indian, Curry, Cafe",London,United Kingdom,1023,4.9
6104649,Honest Burgers,Burger,London,United Kingdom,368,4.6
6100054,Masala Zone,"Indian, Curry",London,United Kingdom,313,4.5
6104639,Bob Bob Ricard,"British, Russian",London,United Kingdom,387,4.8
6107493,Tayyabs,"North Indian, Indian, Pakistani, Curry",London,United Kingdom,759,4.5
6117859,Shake Shack,"American, Burger",London,United Kingdom,541,4.2
6113835,Dinner By Heston Blumenthal - Mandarin Oriental Hyde Park,British,London,United Kingdom,595,4.9
6105938,Patty & Bun,"Burger, British",London,United Kingdom,496,4.8
6102622,Burger & Lobster,"American, Seafood, Burger",London,United Kingdom,450,4.8
6116783,Aqua Shard,British,London,United Kingdom,238,4.4
6102866,Hakkasan,"Chinese, Dim Sum",London,United Kingdom,425,4.9
6112889,MEATliquor,"American, Burger",London,United Kingdom,614,4.6
6116563,Chotto Matte,"Japanese, Peruvian, Sushi",London,United Kingdom,361,4.9
6103922,Dishoom,"Indian, Cafe, Curry",London,United Kingdom,336,4.7
6100354,Busaba Eathai,"Thai, Curry",London,United Kingdom,499,4.6
6103902,Yauatcha,"Chinese, Dim Sum",London,United Kingdom,805,4.8
18455788,Zaitoon Restaurant & Grills,"Indian, Chinese, Arabian, Fast Food, Kebab, Middle Eastern",Doha,Qatar,925,4.4
6202987,Max's Restaurant,Filipino,Doha,Qatar,452,4.8
18397873,Hasan Kolcuoğlu,Turkish,Doha,Qatar,1156,4.8
18425886,Hasan Kolcuoğlu,Turkish,Doha,Qatar,591,4.4
18318801,Roti & Boti,Indian,Doha,Qatar,1361,4.1
18187643,Max's Restaurant,Filipino,Doha,Qatar,450,4.9
18722599,Kairali Al Tanoor,"North Indian, Kerala, Chinese, Mangalorean, Continental, Indian, Seafood, South Indian",Doha,Qatar,319,4.2
18107765,Zaffran Dining Experience,Indian,Doha,Qatar,685,4.5
6200733,Carluccio's - كارلوتشيوز,Italian,Doha,Qatar,424,4.2
18439782,Carluccio's - كارلوتشيوز,Italian,Doha,Qatar,381,4.7
6201346,Zaffran Café,"Indian, Street Food, Desserts",Doha,Qatar,487,4.4
6201334,Chi'Zen - تشي زين,"Chinese, Asian",Doha,Qatar,345,4.5
6200166,Wok of Fame,"Arabian, Asian, Continental",Doha,Qatar,978,4.5
6201309,MRA Bakery Sweets & Restaurant,"Kerala, Indian, Chinese, Bakery, South Indian, North Indian, Desserts",Doha,Qatar,631,4.0
6200383,Applebee's - ابل بيز,"American, Tex-Mex, Burger",Doha,Qatar,424,4.3
6200110,Aalishan,"North Indian, Chinese, Turkish",Doha,Qatar,464,4.0
18626843,Desi Dhaba Restaurant ,"North Indian, Chinese",Doha,Qatar,561,4.2
6201323,Yee Hwa,"Korean, Japanese, Sushi",Doha,Qatar,479,4.6
6200412,Turkey Central Restaurant - مطعم تركيا المركزي,Turkish,Doha,Qatar,743,4.5
6201976,Indian Coffee House,Indian,Doha,Qatar,608,3.8
18451647,Soru Izakaya,Japanese,Quezon City,Phillipines,878,4.6
18245912,Sunnies Cafe,Coffee,Taguig City,Phillipines,546,4.2
6310488,Saboten,"Japanese, Asian",Taguig City,Phillipines,637,4.8
18506282,Sibyullee,Korean,Pasig City,Phillipines,645,4.7
18684182,Soru Izakaya,Japanese,Taguig City,Phillipines,544,4.5
18641526,PizzaExpress,"Pizza, Italian",Taguig City,Phillipines,268,4.8
6318945,Nikkei,"Japanese, Latin American",Makati City,Phillipines,394,4.6
6316125,Mendokoro Ramenba,"Japanese, Ramen",Makati City,Phillipines,1832,4.9
6313941,Chelsea Kitchen,"European, Desserts",Mandaluyong City,Phillipines,598,4.1
18695427,Mendokoro Ramenba,"Japanese, Ramen",Taguig City,Phillipines,490,4.9
18278135,Sunnies Cafe,Coffee,Mandaluyong City,Phillipines,326,3.9
18594729,Nikkei,"Japanese, Latin American",Mandaluyong City,Phillipines,312,4.8
6304287,Izakaya Kikufuji,Japanese,Makati City,Phillipines,1293,4.6
18409457,Soban K-Town Grill,"Korean, Grill",Makati City,Phillipines,935,4.7
6318506,Ooma,"Japanese, Sushi",Mandaluyong City,Phillipines,1167,4.9
18376891,Single Origin,"Coffee, American, European",Makati City,Phillipines,273,4.4
6314147,Va Bene Pasta Deli,"European, Italian",Taguig City,Phillipines,352,4.5
6316532,Mama Lou's Italian Kitchen,Italian,Quezon City,Phillipines,631,4.5
6300010,Spiral - Sofitel Philippine Plaza Manila,"European, Asian, Indian",Pasay City,Phillipines,1228,4.9
18643656,Nomi - Modern Japanese Cafe,"Coffee, Japanese",Taguig City,Phillipines,287,4.3
6403544,Jarryds,"Cafe, Burger",Cape Town,South Africa,535,4.8
6400918,Cape to Cuba,Cuban,Cape Town,South Africa,215,3.7
6400217,Willoughby & Co.,"Seafood, Japanese, Sushi",Cape Town,South Africa,633,4.6
6401789,tashas,"Cafe, Mediterranean",Cape Town,South Africa,476,4.3
6403030,La Colombe,"French, Asian",Cape Town,South Africa,175,4.9
6400304,Eastern Food Bazaar,"Asian, Indian",Cape Town,South Africa,436,4.0
6401054,Kloof Street House,Mediterranean,Cape Town,South Africa,519,4.7
6400078,Nuri Sushi Factory,"Japanese, Sushi",Cape Town,South Africa,472,4.2
6402904,The Larder,"Cafe, Deli, Bakery, Burger, Desserts, Healthy Food, Juices",Cape Town,South Africa,180,4.2
6402177,Salushi,"Japanese, Sushi, Asian",Cape Town,South Africa,314,4.2
18337822,Burger & Lobster,"Seafood, Burger",Cape Town,South Africa,281,4.5
6400191,Beluga,"Seafood, Asian, Grill, Sushi",Cape Town,South Africa,705,4.1
6400392,The Cousins Trattoria,Italian,Cape Town,South Africa,204,4.7
6400175,The Fat Cactus,"Mexican, Finger Food, Tex-Mex",Cape Town,South Africa,434,4.2
6400097,Balducci,"Italian, Sushi, Pizza",Cape Town,South Africa,266,4.0
18337855,Three Wise Monkeys,"Japanese, Asian",Cape Town,South Africa,134,4.1
6400176,Sevruga,"Seafood, Grill, Japanese, Asian, Sushi",Cape Town,South Africa,560,4.2
6401314,The Potluck Club,"European, Contemporary",Cape Town,South Africa,428,4.9
6400212,Meloncino,"Italian, Pizza",Cape Town,South Africa,185,3.9
6401060,Jason Bakery,"Cafe, Bakery",Cape Town,South Africa,347,4.4
6502134,The Whippet,Cafe,Randburg,South Africa,822,4.6
18767581,Saint,Italian,Sandton,South Africa,173,3.9
6517396,Momo Baohaus,"Asian, Sushi, Tapas",Johannesburg,South Africa,542,4.6
18204217,Gemelli Cucina Bar,"Contemporary, Italian",Sandton,South Africa,993,4.9
6517568,Jamie's Italian,Italian,Sandton,South Africa,711,4.2
6502688,Craft,"European, Pizza",Johannesburg,South Africa,1462,4.2
6517281,Pablo Eggs-Go-Bar,"Cafe, Contemporary, Beverages, Burger, Desserts, Juices, Grill, African",Johannesburg,South Africa,412,4.5
6516831,The Big Mouth,"Grill, Steak, Burger, Sushi, Tapas",Sandton,South Africa,731,4.6
6517298,Kream,"South African, Contemporary, Sushi, International, African, French",Midrand,South Africa,363,4.6
6501030,The Foundry,"Contemporary, Burger, Pizza",Johannesburg,South Africa,852,4.4
6515339,Cafe Del Sol Botanico,"Italian, Pizza, Beverages, Desserts, Grill, Seafood",Sandton,South Africa,656,4.7
6500789,The Green Peppercorn,"African, Mediterranean, Contemporary",Sandton,South Africa,735,4.4
6515130,Hudsons,"Burger, Finger Food, Pizza",Johannesburg,South Africa,1098,4.2
6501265,Dukes Burgers,Burger,Johannesburg,South Africa,952,4.5
6502130,Coobs,"Cafe, European, Continental",Johannesburg,South Africa,550,4.4
6501365,Wombles,"Steak, Beverages, Desserts, Grill, Seafood",Sandton,South Africa,648,4.8
6502041,KCC La Vie En Rose,"Contemporary, Cafe",Johannesburg,South Africa,681,4.3
6500359,JB's Corner,"Italian, American, Sushi, Pizza",Sandton,South Africa,557,4.1
6501169,Walnut Grove,"Cafe, Continental",Sandton,South Africa,617,4.2
6501055,DW Eleven-13,European,Sandton,South Africa,635,4.9
6600440,Nau,Seafood,Brasília,Brazil,9,3.9
6601218,New Koto,Japanese,Brasília,Brazil,9,4.1
6601862,Taypá,"Peruvian, Latin American",Brasília,Brazil,11,4.0
6601589,Coco Bambu,International,Brasília,Brazil,19,4.3
6601457,Brazilian American Burgers,"American, Burger",Brasília,Brazil,11,3.9
6600214,Beirute,Arabian,Brasília,Brazil,9,3.8
6601549,It Speed Lunch,"Grill, Brazilian",Brasília,Brazil,8,3.7
6601602,Taco Pep,"Mexican, Grill",Brasília,Brazil,31,4.5
6600754,Carcassone,Bar Food,Brasília,Brazil,3,0
6600083,Villa Tevere,Italian,Brasília,Brazil,14,4.2
6600611,Fred,German,Brasília,Brazil,6,3.7
6601595,Outback Steakhouse,"American, Grill",Brasília,Brazil,12,4.3
6600542,Avenida Paulista,"Italian, Pizza",Brasília,Brazil,0,0
6601145,Bierfass Pontão,"Brazilian, Seafood",Brasília,Brazil,11,3.7
6600879,Babel,Healthy Food,Brasília,Brazil,5,2.8
6600379,Sushi Loko,Japanese,Brasília,Brazil,12,2.9
6601158,Manzuá,Seafood,Brasília,Brazil,7,3.4
6600963,La Chaumière,French,Brasília,Brazil,4,3.3
6601005,Café Daniel Briand,Cafe,Brasília,Brazil,12,3.9
6600116,Gero,Italian,Brasília,Brazil,9,3.5
6703405,Porque Sim,"Japanese, Sushi",São Paulo,Brazil,20,4.3
6709740,Mocotó,"Brazilian, North Eastern",São Paulo,Brazil,30,4.8
6700992,La Tambouille,"French, Italian, Brazilian",São Paulo,Brazil,5,4.0
6712911,Coco Bambú,Seafood,São Paulo,Brazil,39,4.4
6701071,Z Deli Sandwich Shop,"Burger, Sandwich",São Paulo,Brazil,35,4.9
6711666,Kinoshita,Sushi,São Paulo,Brazil,11,4.2
6712917,Coco Bambú,Seafood,São Paulo,Brazil,24,4.0
6709580,Esquina Mocotó,"Brazilian, North Eastern",São Paulo,Brazil,21,4.5
6713772,Sainte Marie Gastronomia,"Lebanese, Arabian",São Paulo,Brazil,15,4.3
6715930,Tanit,"Spanish, Tapas",São Paulo,Brazil,5,3.4
6701853,Vicolo Nostro,Italian,São Paulo,Brazil,6,3.8
6715715,A Casa do Porco,Bar Food,São Paulo,Brazil,17,4.3
6700410,Tatini,Italian,São Paulo,Brazil,3,3.7
6702013,Jam,"Sushi, Japanese",São Paulo,Brazil,11,4.1
6702374,Fasano - Hotel Fasano,International,São Paulo,Brazil,12,4.2
6712927,D.O.M.,"Contemporary, Brazilian",São Paulo,Brazil,23,4.8
6715789,Djapa,"Japanese, Sushi",São Paulo,Brazil,6,3.6
6701049,Bistrot de Paris,French,São Paulo,Brazil,8,4.0
6715851,Fleming’s Prime Steakhouse & Wine Bar,Steak,São Paulo,Brazil,5,3.8
6713209,Agello Cucina,Italian,São Paulo,Brazil,2,3.4
6801374,Solita,"American, Burger, Grill",Manchester,United Kingdom,138,4.9
6800878,The Alchemist,"European, Contemporary",Manchester,United Kingdom,34,4.0
17855562,Tattu Restaurant and Bar,Chinese,Manchester,United Kingdom,19,3.5
6801293,Hard Rock Cafe,American,Manchester,United Kingdom,64,4.3
6801900,Evuna Bar & Restaurant,"Spanish, Tapas",Manchester,United Kingdom,6,3.4
6800908,Mughli,"Indian, Curry",Manchester,United Kingdom,84,4.6
18253075,Yard & Coop,"American, British",Manchester,United Kingdom,10,3.4
6800678,Lahore,"Indian, Grill",Manchester,United Kingdom,46,3.9
6801329,Home Sweet Home,"British, Burger, Cafe",Manchester,United Kingdom,80,4.3
6801386,Cafe North,Cafe,Manchester,United Kingdom,11,3.7
6800759,The Grill on New York Street,"British, Mexican, Seafood",Manchester,United Kingdom,28,3.8
6801039,San Carlo,Italian,Manchester,United Kingdom,187,4.4
6800235,The Grill On The Alley,"Steak, Seafood, Grill",Manchester,United Kingdom,171,4.6
6800593,Zouk Tea Bar & Grill,"Indian, Seafood",Manchester,United Kingdom,69,3.8
6801827,Umezushi,Japanese,Manchester,United Kingdom,26,4.1
6800782,The French by Simon Rogan - The Midland,French,Manchester,United Kingdom,69,4.5
6801867,Manchester House,British,Manchester,United Kingdom,45,4.2
6801984,Ibérica,"Spanish, Tapas",Manchester,United Kingdom,17,3.9
17855602,Turtle Bay,Caribbean,Manchester,United Kingdom,8,3.5
6801884,Pieminister,Bakery,Manchester,United Kingdom,14,3.7
6901318,Adam's Restaurant,Continental,Birmingham,United Kingdom,74,4.3
6900674,Purnell's,Contemporary,Birmingham,United Kingdom,70,4.6
6900050,Jamie's Italian,Italian,Birmingham,United Kingdom,35,4.0
6900669,Fiesta del Asado,"Latin American, Italian",Birmingham,United Kingdom,26,4.1
6900078,Jimmy Spices,"Indian, Middle Eastern, Chinese, American, European",Birmingham,United Kingdom,53,4.1
6900224,Chaophraya,Thai,Birmingham,United Kingdom,19,4.0
6900883,Ju Ju's Cafe,"Cafe, British",Birmingham,United Kingdom,12,3.8
6900374,Bank,"British, Steak",Birmingham,United Kingdom,52,4.1
6901062,The Warehouse Cafe,"British, Cafe",Birmingham,United Kingdom,10,3.9
6900724,Bodega,Latin American,Birmingham,United Kingdom,34,4.8
6900388,Lasan Restaurant,Indian,Birmingham,United Kingdom,67,4.3
18273002,Damascena Coffee House,"Greek, Mediterranean, Middle Eastern",Birmingham,United Kingdom,7,3.8
6901051,The Plough,British,Birmingham,United Kingdom,32,4.3
6900227,Wagamama,Japanese,Birmingham,United Kingdom,56,4.6
6900288,Fargo's Food Factory,"Burger, Steak, Indian, Pizza, Desserts, Chinese",Birmingham,United Kingdom,11,3.8
6900160,Handmade Burger Co.,"Burger, American",Birmingham,United Kingdom,20,3.9
6900843,Chennai Dosa,"Indian, South Indian",Birmingham,United Kingdom,40,3.8
6900692,Simpsons Restaurants,British,Birmingham,United Kingdom,58,4.5
6900106,Pushkar,Indian,Birmingham,United Kingdom,37,4.4
6900339,Asha's,Indian,Birmingham,United Kingdom,48,4.2
18749437,Belly Worship,"Asian, Chinese, Asian Fusion, Street Food",Auckland,New Zealand,444,4.3
7009344,Major Sprout,Cafe Food,Auckland,New Zealand,561,4.5
7006421,PappaRich,Malaysian,Auckland,New Zealand,801,4.2
7003621,Circus Circus,"Cafe Food, European",Auckland,New Zealand,765,4.2
7001859,KK Malaysian Cuisine,Malaysian,Auckland,New Zealand,529,4.2
18393092,Amano Restaurant,Italian,Auckland,New Zealand,598,4.9
18667488,Wu and You,"Asian, Asian Fusion",Auckland,New Zealand,262,4.2
18491782,Oak Eatery,"Desserts, Healthy Food, Cafe Food",Auckland,New Zealand,225,4.7
7003804,Fact-Tree Cafe,"Cafe Food, Coffee and Tea, Desserts, Healthy Food, Kiwi",Auckland,New Zealand,405,4.4
7000992,Eden Noodles Cafe 四川担担面,Chinese,Auckland,New Zealand,718,4.5
7003663,Federal Delicatessen,American,Auckland,New Zealand,1130,4.7
7006945,Fokker Bros,"American, Burger",Auckland,New Zealand,207,4.1
7003018,Paradise,Indian,Auckland,New Zealand,1287,4.4
7004225,Thai Street,Thai,Auckland,New Zealand,325,4.0
7003660,Miss Clawdy,"Creole, American",Auckland,New Zealand,571,4.2
7000700,Pocha 포차,"Korean, Fried Chicken",Auckland,New Zealand,512,4.5
7004412,The Shelf,"Cafe Food, Coffee and Tea, Desserts",Auckland,New Zealand,666,4.4
7001670,"Eight - Cordis, Auckland Hotel","European, Seafood, Grill",Auckland,New Zealand,755,4.7
18672367,Chamate,"Asian, Chinese, Seafood, Yum Cha, Dumplings, Hot Pot, BBQ",Auckland,New Zealand,309,4.2
7003002,Chikos Restaurant & Cafe,"Kiwi, Asian, Pacific, Filipino, Japanese",Auckland,New Zealand,354,4.7
7100502,Fidel's,"European, Mexican, Cafe Food",Wellington City,New Zealand,346,4.6
7100693,Sweet Mother's Kitchen,"Mexican, American",Wellington City,New Zealand,378,4.2
7101042,The Hangar,Cafe Food,Wellington City,New Zealand,269,4.8
7100142,Origami,"Japanese, Sushi",Wellington City,New Zealand,136,4.3
7100171,Ombra,Italian,Wellington City,New Zealand,230,4.9
7101145,Mama Brown,"Mexican, American, Cafe Food",Wellington City,New Zealand,233,4.1
7101967,PappaRich,Malaysian,Wellington City,New Zealand,145,4.3
7100788,The Crab Shack,"Seafood, Kiwi",Wellington City,New Zealand,301,4.3
7100538,Scopa Caffe Cucina,"Italian, Pizza",Wellington City,New Zealand,200,4.5
7101081,Charley Noble Eatery & Bar,European,Wellington City,New Zealand,190,4.7
7100546,KC Cafe & Takeaway,"Chinese, Asian",Wellington City,New Zealand,153,4.2
7100064,Chow,Asian,Wellington City,New Zealand,311,4.5
7101310,Loretta,"European, Cafe Food",Wellington City,New Zealand,158,4.5
7100798,Dragons,Chinese,Wellington City,New Zealand,150,4.2
7100535,Midnight Espresso,Cafe Food,Wellington City,New Zealand,213,4.4
7101011,Ekim Burgers,Fast Food,Wellington City,New Zealand,247,4.4
7100224,Ortega Fish Shack & Bar,Seafood,Wellington City,New Zealand,141,4.9
7101483,Burger Liquor,American,Wellington City,New Zealand,185,4.4
7100178,Monsoon Poon,Asian,Wellington City,New Zealand,205,4.3
7100865,Shed 5,"European, Pacific",Wellington City,New Zealand,139,4.5
7210754,The Golconda Bowl,"North Indian, Mughlai",Dummy,"Series([], )",0,0
7204069,California Cantina,"Burger, Fast Food, Mexican, American, Pizza",Dummy,"Series([], )",0,0
7200516,Bardelli's,South Indian,Dummy,"Series([], )",0,0
18133267,Baton Rouge,Steak,Dummy,"Series([], )",0,0
7204711,Dunkin Donuts,"Fast Food, Desserts",Dummy,"Series([], )",0,0
7204029,L'Opera,Bakery,Dummy,"Series([], )",0,0
5,Yoko Sizzlers,Japanese,Dummy,"Series([], )",0,0
7200182,Kauai,Healthy Food,Dummy,"Series([], )",0,0
7204328,Mcdonalds,"Italian, North Indian",Dummy,"Series([], )",0,0
3,Cafe Mangii,"Italian, European, Bakery",Dummy,"Series([], )",0,0
2,PHD,"Fast Food, Biryani",Dummy,"Series([], )",0,0
10,Hotel Sai Palace Garden,"North Indian, Chinese, South Indian",Dummy,"Series([], )",0,0
7204068,La Pescadería de Walker,Seafood,Dummy,"Series([], )",0,0
7204327,Lane Cuisine Turc - Zorlu Alışveriş Merkezi,Turkish,Dummy,"Series([], )",0,0
7204032,4700 BC Popcorn,Desserts,Dummy,"Series([], )",0,0
7206255,Indian Zaik,"Fast Food, Indian",Dummy,"Series([], )",0,0
7209209,Arabic Nights,"Turkish, Mediterranean",Dummy,"Series([], )",0,0
15557859,Domino's Pizza,"Pizza, Fast Food",Dummy,"Series([], )",0,0
15561694,Geometrico,Others,Dummy,"Series([], )",0,0
15561685,El Patio,Healthy Food,Dummy,"Series([], )",0,0
7302200,Mamma Jamma,Pizza,Rio de Janeiro,Brazil,12,4.5
7303710,Paris 6,French,Rio de Janeiro,Brazil,28,4.4
7302898,Aprazível,Brazilian,Rio de Janeiro,Brazil,63,4.9
7304801,Camarada Camarão,"Brazilian, North Eastern, Seafood",Rio de Janeiro,Brazil,5,4.1
7301965,Pérgula - Copacabana Palace,International,Rio de Janeiro,Brazil,3,4.2
7304307,Confeitaria Colombo,"Desserts, Cafe",Rio de Janeiro,Brazil,40,4.6
7300515,Garota de Ipanema,"Brazilian, Bar Food",Rio de Janeiro,Brazil,58,4.8
7300679,Zuka,"Italian, Contemporary",Rio de Janeiro,Brazil,21,4.5
7302026,La Trattoria,Italian,Rio de Janeiro,Brazil,11,4.5
7300381,Churrascaria Palace,Steak,Rio de Janeiro,Brazil,20,4.9
7301497,Marius Degustare,"Seafood, International, Grill",Rio de Janeiro,Brazil,16,4.7
7301112,Giuseppe Grill Mar,"Brazilian, Grill, Seafood",Rio de Janeiro,Brazil,11,4.5
7300483,Zazá Bistrô Tropical,Brazilian,Rio de Janeiro,Brazil,26,4.7
7300650,Quadrucci,"Italian, Contemporary",Rio de Janeiro,Brazil,11,4.5
7301102,Oro,Brazilian,Rio de Janeiro,Brazil,3,4.3
7302987,Téreze - Hotel Santa Teresa,International,Rio de Janeiro,Brazil,7,4.3
7303219,Pesqueiro Eco Gourmet,"Seafood, Bar Food, Brazilian",Rio de Janeiro,Brazil,5,4.2
7301082,Olympe,French,Rio de Janeiro,Brazil,3,4.2
7302549,Café do Alto,"Brazilian, Cafe",Rio de Janeiro,Brazil,5,4.3
7304351,CT Boucherie,"French, Steak",Rio de Janeiro,Brazil,14,4.5
18615392,WAKI Japanese BBQ Dining,"Japanese, Grill, BBQ, Korean, Asian",Jakarta,Indonesia,1242,4.9
18657719,Gyu - Kaku Japanese BBQ,"Japanese, BBQ",Jakarta,Indonesia,1013,4.8
18744154,Sushi Hiro,"Sushi, Japanese",Jakarta,Indonesia,1492,4.9
18567253,Sushi Hiro,"Sushi, Japanese",Jakarta,Indonesia,4416,4.9
18885812,Sushi Go!,"Japanese, Sushi",Jakarta,Indonesia,1308,4.9
18511433,Sushi Go!,"Japanese, Sushi",Jakarta,Indonesia,1864,4.7
18710176,The Garden,"Western, Asian",Jakarta,Indonesia,1025,4.6
18554965,Magal Mapogalmegi BBQ,"BBQ, Korean, Grill",Jakarta,Indonesia,1219,4.9
18597282,Sushi Go!,"Sushi, Japanese",Jakarta,Indonesia,2704,4.8
18589077,Sushi Hiro,"Sushi, Japanese",Jakarta,Indonesia,1957,4.8
18981544,Katsu YA,Japanese,Jakarta,Indonesia,294,4.2
18680113,The Cutt Grill House,"Grill, Western",Jakarta,Indonesia,675,4.8
18464311,Sushi Hiro,"Sushi, Japanese",Jakarta,Indonesia,2373,4.9
18806670,Sushi Go!,Sushi,Jakarta,Indonesia,730,4.7
18793437,Gyu - Kaku Japanese BBQ,"Japanese, BBQ",Jakarta,Indonesia,1014,4.9
18560991,Lawless Burgerbar,"Burger, Western",Jakarta,Indonesia,979,4.7
18745318,Alfred,"Western, Indonesian",Jakarta,Indonesia,423,4.4
18266425,Gyu - Kaku Japanese BBQ,"Japanese, BBQ",Jakarta,Indonesia,1351,4.9
18880385,Gyu - Kaku Japanese BBQ,"Japanese, BBQ",Jakarta,Indonesia,682,4.9
7421967,3 Wise Monkeys,"Japanese, Sushi",Jakarta,Indonesia,1652,4.5
75970,afro-boer,"Cafe, Bakery, Street Food, Patisserie, South African, Healthy Food, Desserts",Pretoria,South Africa,128,4.2
75609,Capital Craft Beer Academy,"Street Food, Burger, American, Finger Food, German",Pretoria,South Africa,402,4.5
75027,Kream,African,Pretoria,South Africa,530,4.8
18289339,Culture Club - Bar De Tapas,"Cafe, Tapas, South African, Beverages, Healthy Food, Desserts, Spanish",Pretoria,South Africa,260,4.7
75380,The Black Bamboo,"Continental, Contemporary, Desserts",Pretoria,South Africa,178,4.7
75858,Crawdaddy's,"Continental, Seafood, Burger, South African, Finger Food, Grill",Pretoria,South Africa,225,4.4
75376,Tribeca Standard,"Cafe, Burger, Pizza",Pretoria,South Africa,231,3.9
18408129,Industrial Coffee Works,"Cafe, Street Food, Burger, Ethiopian, South African, Juices",Pretoria,South Africa,110,4.1
75026,Baobab Cafe & Grill,"Cafe, Grill",Pretoria,South Africa,304,4.2
75485,Doppio Zero,"Italian, Cafe, Bakery",Pretoria,South Africa,170,3.9
18199742,El Pistolero,Mexican,Pretoria,South Africa,182,4.4
18445965,Guy Fieri's Kitchen & Bar,"American, Italian, Continental",Pretoria,South Africa,183,2.2
75121,Moo Moo,"Steak, Continental",Pretoria,South Africa,331,4.2
75104,Parrot's,"Contemporary, Sushi, Grill, Italian, Steak",Pretoria,South Africa,183,3.7
18376958,Mustang Sally's Pub & Diner,"Healthy Food, Burger, American, Desserts, Grill",Pretoria,South Africa,122,3.8
18136493,Hogshead,"Grill, Burger",Pretoria,South Africa,297,4.2
18445936,Something's Cooking by J,"South African, Portuguese, Burger, Pizza",Pretoria,South Africa,145,3.6
18199767,Carbon Bistro,"Seafood, Burger, Steak",Pretoria,South Africa,167,4.5
18376953,tashas,"Cafe, Healthy Food",Pretoria,South Africa,109,4.2
75620,Whisk Wine Bar,"European, Tapas",Pretoria,South Africa,135,4.1
7601024,Ting Thai Caravan,"Thai, Asian",Edinburgh,United Kingdom,110,4.6
7600188,Mother India's Cafe,Indian,Edinburgh,United Kingdom,137,4.5
7601102,Chaophraya,Thai,Edinburgh,United Kingdom,57,4.4
7600471,The Elephant House,Cafe,Edinburgh,United Kingdom,90,4.1
18408677,Dishoom Edinburgh,"Cafe, Indian",Edinburgh,United Kingdom,64,4.5
7600929,David Bann,"Asian, Italian, Mediterranean, European",Edinburgh,United Kingdom,76,4.5
7602204,El Cartel,Mexican,Edinburgh,United Kingdom,34,4.1
7600432,The Royal McGregor,Scottish,Edinburgh,United Kingdom,17,3.5
7600217,La Favorita,Italian,Edinburgh,United Kingdom,110,4.6
7600062,Hard Rock Cafe,American,Edinburgh,United Kingdom,89,4.3
7600307,Angels With Bagpipes,Scottish,Edinburgh,United Kingdom,44,4.0
7600448,Cafe Andaluz,"Spanish, Tapas",Edinburgh,United Kingdom,95,4.4
7600902,Mimi's Bakehouse,"Cafe, Bakery, Desserts",Edinburgh,United Kingdom,76,4.6
7600792,Wedgwood,"Scottish, British",Edinburgh,United Kingdom,65,4.2
7601241,The Kitchin,"British, French",Edinburgh,United Kingdom,143,4.5
7600083,Castle Terrace,"British, Scottish, French",Edinburgh,United Kingdom,57,4.4
7600381,Fishers In The City,"Seafood, British",Edinburgh,United Kingdom,73,4.3
7601177,Tuk Tuk Indian Street Food,"Indian, Street Food",Edinburgh,United Kingdom,75,4.1
7600914,The Witchery & The Secret Garden,"British, Scottish, Seafood",Edinburgh,United Kingdom,112,4.2
7600636,Number One - Balmoral Hotel,European,Edinburgh,United Kingdom,35,4.0
7700615,Wagamama,Japanese,Glasgow,United Kingdom,136,4.3
7700043,Nanakusa,"Japanese, Grill",Glasgow,United Kingdom,71,4.2
7700258,Chaophraya,Thai,Glasgow,United Kingdom,51,3.6
7700025,The Butterfly & The Pig,British,Glasgow,United Kingdom,53,3.9
7701552,Elia,Greek,Glasgow,United Kingdom,77,4.4
7700329,The Dhabba,Indian,Glasgow,United Kingdom,80,3.8
7700780,The Two Figs,"British, Scottish",Glasgow,United Kingdom,42,3.9
7700672,The Battlefield Restaurant,"Italian, Scottish, Continental",Glasgow,United Kingdom,104,4.4
7700796,Celino's,"Italian, Deli",Glasgow,United Kingdom,79,4.9
7700470,Rishi's,Indian,Glasgow,United Kingdom,41,3.8
7701386,La Tasca,Spanish,Glasgow,United Kingdom,64,4.1
7700440,The Italian Caffe,Italian,Glasgow,United Kingdom,46,4.0
7700495,The Butchershop Bar & Grill,"Grill, Steak, Scottish, British",Glasgow,United Kingdom,67,4.1
7700694,Ubiquitous Chip,"Scottish, British",Glasgow,United Kingdom,113,4.1
7700834,Stravaigin,Scottish,Glasgow,United Kingdom,104,4.3
7700300,Jamie's Italian,Italian,Glasgow,United Kingdom,168,2.9
7701457,Mother India Cafe,Indian,Glasgow,United Kingdom,126,4.8
7700065,Ichiban,Japanese,Glasgow,United Kingdom,133,4.6
7700026,Dakhin,"Indian, South Indian",Glasgow,United Kingdom,43,3.9
7700850,Hillhead Bookclub,"British, Scottish",Glasgow,United Kingdom,71,3.6
7800282,Circus Circus Cafe,"Mediterranean, Continental",Durban,South Africa,141,4.2
7800523,Roma Revolving Restaurant,"Italian, Seafood, Steak",Durban,South Africa,144,3.9
7800372,Vovo Telo,"Cafe, Bakery, Desserts",Durban,South Africa,162,4.1
18362280,The Chefs' Table,International,Durban,South Africa,106,4.7
7800495,The Ocean Terrace - The Oyster Box Hotel,"Indian, Durban, Continental",Durban,South Africa,194,4.6
7800663,The Galley Beach Bar & Grill,"Grill, Seafood",Durban,South Africa,120,3.2
7800284,Beluga,"Seafood, Asian",Durban,South Africa,241,3.8
7800310,Daruma - Elangeni & Maharani,"Japanese, Sushi",Durban,South Africa,100,4.3
7800531,Freedom Cafe,"Deli, South African",Durban,South Africa,119,4.1
7800959,The Waffle House,"Desserts, Finger Food",Durban,South Africa,195,4.8
7800905,Bel Punto,Seafood,Durban,South Africa,177,4.9
18216520,Fourteen on Chartwell,Continental,Durban,South Africa,166,4.5
7800437,Market,Cafe,Durban,South Africa,156,4.4
7800380,Little Havana,Continental,Durban,South Africa,130,4.2
7800541,Jack Salmon,Seafood,Durban,South Africa,91,4.3
7800551,Mali's Indian Restaurant,Indian,Durban,South Africa,122,4.6
7800516,Ile Maurice,French,Durban,South Africa,113,4.3
7800157,tashas,Cafe,Durban,South Africa,174,4.3
7800462,9th Avenue Bistro,French,Durban,South Africa,93,4.5
18473006,Casa Bella,"Italian, Pizza",Durban,South Africa,59,3.8
7900198,Sichuan Style Restaurant,Chinese,Hamilton,New Zealand,72,4.3
7900069,Babaganush,Turkish,Hamilton,New Zealand,76,4.0
7900141,Daikoku Restaurant,"Japanese, Teppanyaki",Hamilton,New Zealand,50,3.6
7900355,The Sugar Bowl Cafe,Cafe Food,Hamilton,New Zealand,80,4.1
7900646,The Chilli House,"Chinese, Dumplings, Hot Pot, Sichuan, Vegan, Vegetarian",Hamilton,New Zealand,28,4.0
7900250,Gothenburg,European,Hamilton,New Zealand,100,4.6
7900322,The Helm,European,Hamilton,New Zealand,64,2.5
7900419,Two Birds Eatery,Cafe Food,Hamilton,New Zealand,65,3.8
7900218,Foundation Bar Kitchen & Lounge,Steak,Hamilton,New Zealand,95,4.3
18319871,Zealong Tea Estate,Cafe Food,Hamilton,New Zealand,24,4.4
7903141,Jacks Coffee Lounge,Cafe Food,Hamilton,New Zealand,53,4.1
7900287,The River Kitchen,"Cafe Food, Coffee and Tea",Hamilton,New Zealand,62,4.2
7900349,Good George Brewing,"Kiwi, European, Finger Food",Hamilton,New Zealand,51,4.1
7900238,Scotts Epicurean,Cafe Food,Hamilton,New Zealand,117,4.4
7900011,Sultan's Kitchen,"Turkish, Mediterranean, Moroccan",Hamilton,New Zealand,33,4.0
7900186,Mexico,Mexican,Hamilton,New Zealand,100,4.2
7900182,Thai House Express,Thai,Hamilton,New Zealand,51,4.0
7900023,Indian Star,"North Indian, Indian",Hamilton,New Zealand,63,3.8
7900490,Zealong Tea Estate,"European, Asian, Desserts",Hamilton,New Zealand,55,4.7
7900115,The Flying Burrito Brothers,Mexican,Hamilton,New Zealand,58,3.9
