,id,name,event_id,start_date,end_date,title,photo_url
0,18649486,The Drunken Botanist,322331.0,2019-03-06,2019-08-28,"BackToBasic Wednesdays !!


",['https://b.zmtcdn.com/data/zomato_events/photos/5a1/ac34cf3c271c9052e9d248c243df65a1_1551852711.jpg']
1,308322,Hauz Khas Social,332812.0,2019-03-29,2019-05-23,Live 20/20 Match Screenings,['https://b.zmtcdn.com/data/zomato_events/photos/e11/de21c69b73b6220731a4191883338e11_1553860194.jpg']
2,18856789,AIR- An Ivory Region,336644.0,2019-04-10,2019-04-11,Dhol Bhangra Night,['https://b.zmtcdn.com/data/zomato_events/photos/46f/1c1651fcd360fe1468cfc06125b1646f_1554705305.jpg']
3,307374,AMA Cafe,NA,NA,NA,NA,NA
4,18238278,Tamasha,NA,NA,NA,NA,NA
5,18268712,Chili's Grill & Bar,NA,NA,NA,NA,NA
6,18198449,Punjabi Angithi,NA,NA,NA,NA,NA
7,18382360,Local,336903.0,2019-04-13,2019-04-13,Urban Saturday,['https://b.zmtcdn.com/data/zomato_events/photos/5ee/165894b7ce0bfd2812796a3f8c6f15ee_1554728236.jpg']
8,18273624,Cafeteria & Co.,NA,NA,NA,NA,NA
9,18466951,Jungle Jamboree,336622.0,2019-04-08,2019-04-13,Special Navratras Thali at just @399 +Taxes at Jungle Jamboree,['https://b.zmtcdn.com/data/zomato_events/photos/ffe/96d21e7be18ea0bbc2d7f44496697ffe_1554702984.jpg']
10,306046,SodaBottleOpenerWala,NA,NA,NA,NA,NA
11,18337893,The Luggage Room Kitchen And Bar,336248.0,2019-04-11,2019-04-11,Ladies Night,['https://b.zmtcdn.com/data/zomato_events/photos/64f/6b5003ddf79e8c67cb0ce2e8a17aa64f_1554552608.jpeg']
12,18518483,Echoes Hudson Lane,NA,NA,NA,NA,NA
13,18246991,Odeon Social,332812.0,2019-03-29,2019-05-23,Live 20/20 Match Screenings,['https://b.zmtcdn.com/data/zomato_events/photos/e11/de21c69b73b6220731a4191883338e11_1553860194.jpg']
14,8913,Pirates of Grill,NA,NA,NA,NA,NA
15,313256,The Junkyard Cafe,NA,NA,NA,NA,NA
16,18562836,Diggin,NA,NA,NA,NA,NA
17,17953943,The Burger Club,NA,NA,NA,NA,NA
18,18258498,Chinese Kitchen,NA,NA,NA,NA,NA
19,18537536,Chili's Grill & Bar,NA,NA,NA,NA,NA
20,18707652,Zam Zam,NA,NA,NA,NA,NA
21,18571735,Dum Laga Ke Haishaa,337102.0,2019-04-14,2019-04-15,Poila Baishak Special,['https://b.zmtcdn.com/data/zomato_events/photos/42d/5ff1422e615ed8199844db6c6839342d_1554791652.jpg']
22,18398880,JW Kitchen - JW Marriott Hotel Kolkata,334818.0,2019-04-15,2019-04-15,Poila Baishakh Buffet ,['https://b.zmtcdn.com/data/zomato_events/photos/cd3/63b861ffce13a6772331351c3d4a7cd3_1554270291.jpeg']
23,18677746,Burger in Law,NA,NA,NA,NA,NA
24,17983797,Dada Boudi Restaurant,NA,NA,NA,NA,NA
25,18538536,Scrapyard,NA,NA,NA,NA,NA
26,25570,Barbeque Nation,NA,NA,NA,NA,NA
27,18354569,Tram Deepo,NA,NA,NA,NA,NA
28,18259462,Ocean Grill,286422.0,2018-12-17,2019-04-30,Customised Party Packages,[]
29,18761167,Echoes Kolkata,337247.0,2019-04-15,2019-04-15,Celebrate Poila Boishak with Echoes,['https://b.zmtcdn.com/data/zomato_events/photos/fd4/28cb2e167c37cb93352c8d7ff086ffd4_1554804343.jpg']
30,18751849,Five Mad Men,334922.0,2019-04-15,2019-04-15,Game of Thrones - Special Screening of season 8,['https://b.zmtcdn.com/data/zomato_events/photos/ee3/13745a8a0307c436afac7fc4f2cdfee3_1554282159.jpg']
31,20747,India Restaurant,NA,NA,NA,NA,NA
32,18461760,Kankurgachi Dhaba,NA,NA,NA,NA,NA
33,20404,Peter Cat,NA,NA,NA,NA,NA
34,18017615,What's Up,NA,NA,NA,NA,NA
35,18265479,BJs Sports Restrau Cum Lounge,NA,NA,NA,NA,NA
36,18377098,CALCUTTA 64,NA,NA,NA,NA,NA
37,18377112,Nawwarah Fine Dine & Lounge,NA,NA,NA,NA,NA
38,18610904,The Fatty Bao,NA,NA,NA,NA,NA
39,18711365,The Saffron Tree,NA,NA,NA,NA,NA
40,18392725,Tamasha,336898.0,2019-04-12,2019-04-13,Zulfi Performing Live,['https://b.zmtcdn.com/data/zomato_events/photos/4d5/714bbc76d08697beb0a92b7a164f04d5_1554727292.jpg']
41,18701052,The Fusion Kitchen,298104.0,2019-03-15,2019-04-30,HAPPY HOURS 1+1 ,['https://b.zmtcdn.com/data/zomato_events/photos/e3b/f4ff3f0587a19faae36ab04fa1c2ce3b_1550491642.jpg']
42,18548172,Hitchki,NA,NA,NA,NA,NA
43,18591040,Hitchki,NA,NA,NA,NA,NA
44,19008239,HAS South Bombay,NA,NA,NA,NA,NA
45,18392711,Lord Of The Drinks,NA,NA,NA,NA,NA
46,18616378,Lord of the Drinks,NA,NA,NA,NA,NA
47,18669432,HITCHKI,NA,NA,NA,NA,NA
48,18566818,JLWA,336881.0,2019-04-10,2019-04-11,Juggy & Band Live,['https://b.zmtcdn.com/data/zomato_events/photos/ee5/3136ce776bb5713020dc50098b29bee5_1554725717.jpg']
49,48851,Rude Lounge,318235.0,2019-04-20,2019-04-20,Zumba Fitness with ZIN Mohsin & ZIN Varsha at Rude Powai,['https://b.zmtcdn.com/data/zomato_events/photos/4d5/13623423b8a28744a3d0fdbeee5754d5_1551098744.jpg']
50,18205932,The Cult - Peninsula Grand Hotel,337023.0,2019-04-14,2019-04-15,Sunday Night ,['https://b.zmtcdn.com/data/zomato_events/photos/667/b3386da080734d28b323598100093667_1554751324.jpg']
51,18732598,Timess Square,NA,NA,NA,NA,NA
52,18580259,Coffee Culture,336279.0,2019-04-18,2019-04-18,"Stand Up Comedy @ Coffee Culture, Bandra On Every Thursday !",[]
53,34757,Joey's Pizza,NA,NA,NA,NA,NA
54,18522518,Vikhroli Social,332812.0,2019-03-29,2019-05-23,Live 20/20 Match Screenings,['https://b.zmtcdn.com/data/zomato_events/photos/e11/de21c69b73b6220731a4191883338e11_1553860194.jpg']
55,18917650,Warehouse Kitchenbar,NA,NA,NA,NA,NA
56,35217,Joey's Pizza,NA,NA,NA,NA,NA
57,18397684,Craftbar,309090.0,2019-02-20,2019-04-30,Wednesday Angel's Night ,[]
58,36403,Prithvi Cafe,NA,NA,NA,NA,NA
59,18691230,Grandmama's Café,328877.0,2019-03-25,2019-05-19,IPL Hours at Grandmama's Cafe,['https://b.zmtcdn.com/data/zomato_events/photos/b62/0b4ae8502067707a163a39bf0d719b62_1553088932.jpg']
60,58882,Byg Brewski Brewing Company,NA,NA,NA,NA,NA
61,18706428,Byg Brewski Brewing Company,279336.0,2018-11-29,2019-12-31,Corporate Events,"['https://b.zmtcdn.com/data/zomato_events/photos/d72/e770dbc5f27c87b39dd848e0ac519d72_1543846758.jpg', 'https://b.zmtcdn.com/data/zomato_events/photos/c93/859e88e64bf64e6d9fe22c8043f89c93_1543846758.jpg']"
62,18871246,ShakesBierre,332383.0,2019-03-28,2019-04-30,STANDUPCOMEDY,['https://b.zmtcdn.com/data/zomato_events/photos/921/aac386792791cc0d57170c8c69259921_1553779838.jpg']
63,18772094,Bombay Adda,335989.0,2019-04-14,2019-04-15,Unplugged Night Ft. Saher,['https://b.zmtcdn.com/data/zomato_events/photos/daf/f8880703cde05ef2d9a60c58fef8edaf_1554471175.jpg']
64,18578798,TBC Sky Lounge,NA,NA,NA,NA,NA
65,18945224,Secret Of Bangalore,NA,NA,NA,NA,NA
66,18254597,Brew and Barbeque - A Microbrewery Pub,NA,NA,NA,NA,NA
67,18387426,The Black Pearl,334210.0,2019-04-02,2020-03-31,Cocktails and Mocktails offers at Black Pearl ,"['https://b.zmtcdn.com/data/zomato_events/photos/763/823547a36ed40f9b4bec7ab5f4b25763_1554190858.jpeg', 'https://b.zmtcdn.com/data/zomato_events/photos/e0f/c8fc6c14e15bcaf40df8d2d659ac6e0f_1554190859.jpeg', 'https://b.zmtcdn.com/data/zomato_events/photos/b90/c9bfdf963ccaa51502938e28f4ba1b90_1554190859.jpeg']"
68,57833,Big Pitcher,270216.0,2018-11-01,2020-10-31,New Food Menu Launch at Big Pitcher,['https://b.zmtcdn.com/data/zomato_events/photos/981/c27a588a41e431a0619c19edb6a14981_1541091518.jpg']
69,54162,The Black Pearl,336932.0,2019-04-08,2020-03-31,Sunday Specials at The Black Pearl,['https://b.zmtcdn.com/data/zomato_events/photos/359/40bdc0c46472fe6eeb756f47fce01359_1554730726.jpeg']
70,18853706,Brahma Brews,NA,NA,NA,NA,NA
71,18625420,Burma Burma,NA,NA,NA,NA,NA
72,18595782,The Pallet,264218.0,2019-04-15,2019-04-15,Monday Madness | Ft. DJ Sam | Full Day Happy Hours,['https://b.zmtcdn.com/data/zomato_events/photos/66f/57ce93ad5437845e88ec3ef7c424c66f_1539599793.jpg']
73,18537585,The Reservoire,337463.0,2019-04-09,2019-06-09,SUNDAY TIKI BRUNCH,['https://b.zmtcdn.com/data/zomato_events/photos/587/e83c2132c75013e76d5fd7121314d587_1554827399.jpg']
74,56618,AB's - Absolute Barbecues,NA,NA,NA,NA,NA
75,51040,Truffles,NA,NA,NA,NA,NA
76,18874059,The Pump House,NA,NA,NA,NA,NA
77,18709627,Simon Says Brew Works,315874.0,2019-03-28,2019-04-26,Bollywood Night with DJ Oppozit,['https://b.zmtcdn.com/data/zomato_events/photos/278/bb1e372263762c810a7c220d732bd278_1550569902.jpg']
78,18727906,XOOX Brewmill,314958.0,2019-04-13,2019-04-30,Unlimited Sparkling Wine Brunch !,['https://b.zmtcdn.com/data/zomato_events/photos/2e1/cb5585c6669f8456c20af9f12eabb2e1_1552052914.jpg']
79,18642512,Stories,NA,NA,NA,NA,NA
80,18893197,FC Road Social,332812.0,2019-03-29,2019-05-23,Live 20/20 Match Screenings,['https://b.zmtcdn.com/data/zomato_events/photos/e11/de21c69b73b6220731a4191883338e11_1553860194.jpg']
81,18880433,BeHive,337514.0,2019-04-10,2019-04-10,"queen bees , ladies night",['https://b.zmtcdn.com/data/zomato_events/photos/7cd/349ff41efcc982b82ad889684803a7cd_1554865907.jpg']
82,18715982,Flechazo,NA,NA,NA,NA,NA
83,18562250,Cafe Co2 Resto Lounge,332116.0,2019-03-28,2019-05-19,Live Cricket Screening @ Cafe CO2,[]
84,6508166,Flying Duck Co.,337015.0,2019-04-10,2019-04-10,Girls Night Out,['https://b.zmtcdn.com/data/zomato_events/photos/0f1/62519986315c982e1bd127af1e5af0f1_1553061040.jpg']
85,18586395,Onesta,NA,NA,NA,NA,NA
86,18732937,Darshan,NA,NA,NA,NA,NA
87,18784250,Universal Barbeque,332959.0,2019-03-29,2019-04-30,FAMILY OFFER,['https://b.zmtcdn.com/data/zomato_events/photos/335/a6598b1e960e98d9447d4e03c06cc335_1553873543.jpeg']
88,18740139,Grandmama's Cafe,329559.0,2019-04-11,2019-04-11,Grandma's Quiz Night! ,['https://b.zmtcdn.com/data/zomato_events/photos/ce7/f68ca85fd4194e229684269af3748ce7_1553259518.jpg']
89,18545152,AB's - Absolute Barbecues,NA,NA,NA,NA,NA
90,18417624,The Sassy Spoon,336867.0,2019-04-08,2019-12-31,A Night to Remember ,[]
91,18383095,Teddy Boy,NA,NA,NA,NA,NA
92,18621437,The FML Lounge,336718.0,2019-04-08,2019-05-31,HAPPY DAYS 1+1,['https://b.zmtcdn.com/data/zomato_events/photos/308/c3b32cf4f0840253801ff0c01e6fa308_1554714758.jpg']
93,18890430,The Barkhana,NA,NA,NA,NA,NA
94,18617201,Onesta,NA,NA,NA,NA,NA
95,18650304,Tatva,NA,NA,NA,NA,NA
96,18657534,Viman Nagar Social,332812.0,2019-03-29,2019-05-23,Live 20/20 Match Screenings,['https://b.zmtcdn.com/data/zomato_events/photos/e11/de21c69b73b6220731a4191883338e11_1553860194.jpg']
97,18536004,Culture - पुणे,337114.0,2019-04-10,2019-04-10,IPL Quiz Night,['https://b.zmtcdn.com/data/zomato_events/photos/b58/f2a16cc683eeaabb01052f2c7959fb58_1554792467.jpg']
98,6508323,The Urban Foundry,337273.0,2019-04-09,2019-04-30,LIVE SCREENING,['https://b.zmtcdn.com/data/zomato_events/photos/a64/c393a5e9f6a20df4f15f19926c5afa64_1554807097.jpg']
99,18678581,Hippie@Heart,NA,NA,NA,NA,NA
100,90896,Bawarchi,NA,NA,NA,NA,NA
101,18550292,Flechazo,NA,NA,NA,NA,NA
102,18312984,Sahib’s Barbeque by Ohri’s,NA,NA,NA,NA,NA
103,18538735,Over The Moon Brew Company,NA,NA,NA,NA,NA
104,18470497,84 Anjuna Shack,329193.0,2019-03-23,2019-05-10,IPL T20 Match Screening,['https://b.zmtcdn.com/data/zomato_events/photos/c00/3e732fea47fcc93cbd6a8dd939dbec00_1553174044.jpg']
105,18207447,Shah Ghouse Hotel & Restaurant,NA,NA,NA,NA,NA
106,18544039,The Roastery Coffee House,NA,NA,NA,NA,NA
107,90499,Coffee Cup,NA,NA,NA,NA,NA
108,18582430,Lucky Restaurant,NA,NA,NA,NA,NA
109,18514668,Captain Cook,NA,NA,NA,NA,NA
110,18715296,Bakasura Restaurant,NA,NA,NA,NA,NA
111,18673497,Onesta,NA,NA,NA,NA,NA
112,95831,Green Bawarchi,NA,NA,NA,NA,NA
113,18138652,Paradise,NA,NA,NA,NA,NA
114,90903,Shah Ghouse Cafe & Restaurant,NA,NA,NA,NA,NA
115,18807262,Broadway,337301.0,2019-04-10,2019-04-10,Meghna Dundi Trio LIVE,['https://b.zmtcdn.com/data/zomato_events/photos/f0d/f84051fb085a223c2970971957175f0d_1554810437.jpg']
116,18774025,eat.fit,NA,NA,NA,NA,NA
117,18965675,Chubby Cho,NA,NA,NA,NA,NA
118,18607685,Farzi Cafe,336905.0,2019-04-12,2019-04-13,Electronic Fridays with YOGI!,['https://b.zmtcdn.com/data/zomato_events/photos/131/80b55b59d265decfe4ed923157b53131_1554728150.jpeg']
119,94402,4M Biryani House,NA,NA,NA,NA,NA
120,18938720,Coal Barbecues,NA,NA,NA,NA,NA
121,18800810,The Black Pearl,337249.0,2019-04-14,2019-04-14,Tamil Puthandu in Pirates Style,"['https://b.zmtcdn.com/data/zomato_events/photos/34b/2ca35fca44e8e154a940b4ad46af634b_1554804659.jpg', 'https://b.zmtcdn.com/data/zomato_events/photos/7d6/388c741ca91a34e4bcc9f67bf764e7d6_1554804659.jpg']"
122,18595414,Coal Barbecues,NA,NA,NA,NA,NA
123,18513783,Onesta,NA,NA,NA,NA,NA
124,70856,AB's - Absolute Barbecues,NA,NA,NA,NA,NA
125,18423043,Dhaba Estd 1986 Delhi,NA,NA,NA,NA,NA
126,67407,Copper Kitchen,NA,NA,NA,NA,NA
127,73279,Paradise,NA,NA,NA,NA,NA
128,71443,Palmshore,329269.0,2019-03-22,2019-04-30,Buffet,['https://b.zmtcdn.com/data/zomato_events/photos/810/f8fc852a354dbfa87faac0ca6c899810_1553230796.jpg']
129,18588039,Fromage,NA,NA,NA,NA,NA
130,72497,Palmshore,NA,NA,NA,NA,NA
131,70496,Sukkubhai Biriyani,NA,NA,NA,NA,NA
132,18665421,Blind Ch3mistry,NA,NA,NA,NA,NA
133,18666824,AB's - Absolute Barbecues,NA,NA,NA,NA,NA
134,71405,Barbeque Nation,NA,NA,NA,NA,NA
135,18555163,Amelie's,NA,NA,NA,NA,NA
136,71799,Cleo's Grill & Cafe,NA,NA,NA,NA,NA
137,18437170,Nasi And Mee,NA,NA,NA,NA,NA
138,18619095,Palmshore,NA,NA,NA,NA,NA
139,18540650,Guntur Gongura,NA,NA,NA,NA,NA
140,800894,Mubeen's,NA,NA,NA,NA,NA
141,800468,Tunday Kababi,NA,NA,NA,NA,NA
142,18801082,Farzi Café,335809.0,2019-04-14,2019-04-15,Sunday Night with Indie Street Rockers!,['https://b.zmtcdn.com/data/zomato_events/photos/814/df682d8402a8276f22dd32b0cf180814_1554455250.jpeg']
143,18970077,The Hazelnut Factory,NA,NA,NA,NA,NA
144,801170,Spice Caves,NA,NA,NA,NA,NA
145,18560184,The Terrace ,NA,NA,NA,NA,NA
146,18971277,Cafe Repertwahr,332493.0,2019-03-28,2019-05-26,Enjoy live IPL with FBL,['https://b.zmtcdn.com/data/zomato_events/photos/575/d460f0ddb1ca69ffac4e8b04550af575_1553793124.jpg']
147,800179,Mahalaxmi Sweets,NA,NA,NA,NA,NA
148,18980427,Bombay Remix,NA,NA,NA,NA,NA
149,800089,Barbeque Nation,NA,NA,NA,NA,NA
150,800152,Idrish Hotel,NA,NA,NA,NA,NA
151,801960,Dosa Planet,NA,NA,NA,NA,NA
152,18701292,Pirates of Grill,NA,NA,NA,NA,NA
153,800483,Dastarkhwan,NA,NA,NA,NA,NA
154,801146,Madhurima Veg,NA,NA,NA,NA,NA
155,18387297,The Manish Eating Point,NA,NA,NA,NA,NA
156,800432,Rattilal's,NA,NA,NA,NA,NA
157,800896,Sardar Ji Ke Mashoor Chhole Bhature - Punjabi Zaika,NA,NA,NA,NA,NA
158,800630,Royal Cafe,NA,NA,NA,NA,NA
159,18439027,Skyhilton,336239.0,2019-04-06,2019-04-13,Unlimited Navratri Chaat,['https://b.zmtcdn.com/data/zomato_events/photos/142/03b08e1096a645facf19bec8f7124142_1554550960.jpg']
160,95361,Ifthar,NA,NA,NA,NA,NA
161,901159,Westleys Restocafe (Formerly Burgeria),NA,NA,NA,NA,NA
162,95256,Kashi Art Cafe,NA,NA,NA,NA,NA
163,18398435,Bikash Babu Sweets,NA,NA,NA,NA,NA
164,903046,Nasi And Mee,NA,NA,NA,NA,NA
165,902109,Sheba Kuzhimandhi,NA,NA,NA,NA,NA
166,900533,Paragon,NA,NA,NA,NA,NA
167,95421,Dhe Puttu,NA,NA,NA,NA,NA
168,900668,KFC,NA,NA,NA,NA,NA
169,900524,Cafe 17,NA,NA,NA,NA,NA
170,901622,The Grill Lab,NA,NA,NA,NA,NA
171,901665,Double Roti,NA,NA,NA,NA,NA
172,95488,Cafe d' arabia,NA,NA,NA,NA,NA
173,18153238,Hotel Harsh Dhaba,NA,NA,NA,NA,NA
174,900300,Real Arabia,NA,NA,NA,NA,NA
175,901830,Mocha Art Cafe,NA,NA,NA,NA,NA
176,900561,Tonico Cafe,NA,NA,NA,NA,NA
177,900551,Aavi,NA,NA,NA,NA,NA
178,18153935,Galito's,NA,NA,NA,NA,NA
179,95333,Chiyang,NA,NA,NA,NA,NA
180,100242,Shree Agarwal Caterers,NA,NA,NA,NA,NA
181,18748726,The Night Jar,336485.0,2019-04-10,2019-04-10,Wow Wednesday,['https://b.zmtcdn.com/data/zomato_events/photos/104/70ee0cc803cdbdde1ab8bb92d3315104_1554742926.jpg']
182,18641794,Shankar Samosa,NA,NA,NA,NA,NA
183,18903417,Chool,NA,NA,NA,NA,NA
184,18625823,Gulabi Nagari,NA,NA,NA,NA,NA
185,100756,Agarwal Sweets & Caterers,NA,NA,NA,NA,NA
186,102439,Muhammadi Palace,NA,NA,NA,NA,NA
187,100149,Kanha,NA,NA,NA,NA,NA
188,102695,Thali and More,334436.0,2019-04-03,2019-04-30,GOOD MORNING JAIPUR,['https://b.zmtcdn.com/data/zomato_events/photos/d93/1ff671abaef07622a8b530b09fff9d93_1554206574.jpeg']
189,100910,Rawat Mishthan Bhandar,NA,NA,NA,NA,NA
190,18733012,Fat Lulu's,NA,NA,NA,NA,NA
191,100611,M.M. Khan Hotel,NA,NA,NA,NA,NA
192,18868487,Vegetrainian,NA,NA,NA,NA,NA
193,18602340,Stepout Cafe,NA,NA,NA,NA,NA
194,101736,Kanha,NA,NA,NA,NA,NA
195,100148,Kanha,NA,NA,NA,NA,NA
196,101212,Tapri Central,NA,NA,NA,NA,NA
197,101777,Kanha,NA,NA,NA,NA,NA
198,18467090,Manuhaar,NA,NA,NA,NA,NA
199,18578663,Masala Ministry,NA,NA,NA,NA,NA
200,18766005,The Esplendido Cafe,NA,NA,NA,NA,NA
201,18882467,Makeba - The Lounge Cafe,327296.0,2019-03-23,2019-05-19,Live Sports Screening @Makeba The Lounge Cafe,['https://b.zmtcdn.com/data/zomato_events/photos/92a/89eb96918348080d937a8d033939992a_1552834955.jpg']
202,110208,Honest,NA,NA,NA,NA,NA
203,18385186,The Cafe Baraco,NA,NA,NA,NA,NA
204,18396250,Huber & Holly,NA,NA,NA,NA,NA
205,18658177,Millhouse,NA,NA,NA,NA,NA
206,18672107,Eleven 11 Restro Cafe,NA,NA,NA,NA,NA
207,18902811,Legends Of Punjab - By Pepperazi,NA,NA,NA,NA,NA
208,112466,Jay Nilkanth Food,NA,NA,NA,NA,NA
209,18663856,The Red Bistro,NA,NA,NA,NA,NA
210,18766904,The Secret Kitchen,NA,NA,NA,NA,NA
211,18627705,I Love Sandwich House,208222.0,2019-03-23,2019-05-12,IPL Live screening,[]
212,18819827,Kadak Bhagat,NA,NA,NA,NA,NA
213,18874418,Upri Manzil,NA,NA,NA,NA,NA
214,18578691,Bogarosa,329816.0,2019-03-23,2019-05-06,IPL LIVE SCREENING ,['https://b.zmtcdn.com/data/zomato_events/photos/13d/29c6cfa980d563833d2c139ff719613d_1553330904.jpg']
215,110026,Barbeque Nation,NA,NA,NA,NA,NA
216,18545544,Mocha,NA,NA,NA,NA,NA
217,113234,Shree Annpurna,NA,NA,NA,NA,NA
218,111826,Yanki Sizzlers,NA,NA,NA,NA,NA
219,18480250,Cafe De Italiano,NA,NA,NA,NA,NA
220,120687,Subway,NA,NA,NA,NA,NA
221,18848676,Beach N Brew,NA,NA,NA,NA,NA
222,121896,Bhena Da Dhaba,NA,NA,NA,NA,NA
223,121335,Pirates of Grill,NA,NA,NA,NA,NA
224,121316,Nando's,NA,NA,NA,NA,NA
225,124170,Sector 7 Social,332812.0,2019-03-29,2019-05-23,Live 20/20 Match Screenings,['https://b.zmtcdn.com/data/zomato_events/photos/e11/de21c69b73b6220731a4191883338e11_1553860194.jpg']
226,18634639,Pradhan Dhaba,NA,NA,NA,NA,NA
227,123013,Amrit Sweets,NA,NA,NA,NA,NA
228,120767,New Panna Sweets,NA,NA,NA,NA,NA
229,18694731,DND - Daily Nutritional Diet,335248.0,2019-04-04,2019-04-14,Navratri Special Menu,['https://b.zmtcdn.com/data/zomato_events/photos/dca/ea2c012dfb0bdd868fe3b7c2a19f6dca_1554359769.jpg']
230,122418,Burger King,NA,NA,NA,NA,NA
231,120999,Jalandhar Sweets,NA,NA,NA,NA,NA
232,121425,Super Donuts,225765.0,2018-06-10,2019-06-10,Dessert Time!!,['https://b.zmtcdn.com/data/zomato_events/photos/064/720c29fe8f576ddd228a383e54ab9064_1528621104.jpg']
233,124158,The Hedgehog Café,NA,NA,NA,NA,NA
234,123043,Khalsa Dhaba,NA,NA,NA,NA,NA
235,18609823,Falcon Cafe Lounge,326572.0,2019-03-15,2019-06-01,Rotisserie special roast chicken ,['https://b.zmtcdn.com/data/zomato_events/photos/a35/68409ad958710695a7ba8494cc53aa35_1552634672.jpg']
236,122653,Food@U,NA,NA,NA,NA,NA
237,120554,Books N Brew,NA,NA,NA,NA,NA
238,122875,Tossin Pizza,NA,NA,NA,NA,NA
239,123191,CAFÈ JC's,NA,NA,NA,NA,NA
240,130309,Purple Martini,337490.0,2019-04-14,2019-04-14,Shanti Sundays with Saxophonist ARTEMIY at Purple Martini at Sunset Point,['https://b.zmtcdn.com/data/zomato_events/photos/60a/07e8be093e43e8e7558c8c054072c60a_1554837191.png']
241,130409,Baba Au Rhum,NA,NA,NA,NA,NA
242,16512333,Britto's Bar & Restaurant,NA,NA,NA,NA,NA
243,16524239,Bay 15,NA,NA,NA,NA,NA
244,130535,The Fisherman's Wharf,334112.0,2019-04-02,2019-04-30,Mango Mania,['https://b.zmtcdn.com/data/zomato_events/photos/1cf/b5002822975b944a10dedeb0f3b5f1cf_1554178872.jpg']
245,18685303,The Fisherman's Wharf,334112.0,2019-04-02,2019-04-30,Mango Mania,['https://b.zmtcdn.com/data/zomato_events/photos/1cf/b5002822975b944a10dedeb0f3b5f1cf_1554178872.jpg']
246,130427,Artjuna,NA,NA,NA,NA,NA
247,18601542,The Lazy Goose,NA,NA,NA,NA,NA
248,130888,The Black Sheep Bistro,NA,NA,NA,NA,NA
249,18555916,Tio Tilly's Bar & Kitchen,NA,NA,NA,NA,NA
250,16519168,Martin's Corner,NA,NA,NA,NA,NA
251,16512336,Fat Fish,NA,NA,NA,NA,NA
252,130230,Curlies,NA,NA,NA,NA,NA
253,16525595,Cafe Cotinga,NA,NA,NA,NA,NA
254,18232814,Kokni Kanteen,NA,NA,NA,NA,NA
255,16541849,The Fisherman's Wharf,334112.0,2019-04-02,2019-04-30,Mango Mania,['https://b.zmtcdn.com/data/zomato_events/photos/1cf/b5002822975b944a10dedeb0f3b5f1cf_1554178872.jpg']
256,130567,Souza Lobo,NA,NA,NA,NA,NA
257,130430,Co Co Mo,NA,NA,NA,NA,NA
258,16519268,La Plage,NA,NA,NA,NA,NA
259,18558647,Navtara Veg Restaurant,NA,NA,NA,NA,NA
260,1400382,Shree Gurukripa,NA,NA,NA,NA,NA
261,1400038,Apna Sweets,NA,NA,NA,NA,NA
262,18715348,The Monroe,NA,NA,NA,NA,NA
263,1402185,Shree Gurukripa,NA,NA,NA,NA,NA
264,1400208,Apna Sweets,NA,NA,NA,NA,NA
265,1401685,Dutt Guru Kripa,NA,NA,NA,NA,NA
266,18675443,Sagar Gaire,NA,NA,NA,NA,NA
267,1400574,Hotel Rajhans,NA,NA,NA,NA,NA
268,1400056,Nafees Restaurant,NA,NA,NA,NA,NA
269,18713037,Tic Tac Toe,NA,NA,NA,NA,NA
270,1401724,Hotel Guru Kripa Avenue,NA,NA,NA,NA,NA
271,18254231,Oye24,NA,NA,NA,NA,NA
272,1400287,Madhuram Sweets,NA,NA,NA,NA,NA
273,1401774,Banana Leaf,NA,NA,NA,NA,NA
274,18684400,Little Monk,NA,NA,NA,NA,NA
275,1400310,Vijay Chaat House,NA,NA,NA,NA,NA
276,1400311,Apna Sweets,NA,NA,NA,NA,NA
277,18395137,Just My Bakes,NA,NA,NA,NA,NA
278,1402252,Mustang - Hotel Somdeep Palace,NA,NA,NA,NA,NA
279,18601095,Indore Kitchen - Indore Marriott Hotel,NA,NA,NA,NA,NA
280,18746380,Domino's,NA,NA,NA,NA,NA
281,18746904,Baker's Cafe,NA,NA,NA,NA,NA
282,16500301,The Dragon Wok,NA,NA,NA,NA,NA
283,18746039,Osm Restaurant,NA,NA,NA,NA,NA
284,18746176,Taste of Tibet,NA,NA,NA,NA,NA
285,18746050,Osm Lounge,NA,NA,NA,NA,NA
286,16500332,Nimtho,NA,NA,NA,NA,NA
287,18746004,Bonfire ,NA,NA,NA,NA,NA
288,16500309,Roll House,NA,NA,NA,NA,NA
289,16500300,The Local Cafe,NA,NA,NA,NA,NA
290,18746148,Chopstick,NA,NA,NA,NA,NA
291,18746007,Parivar,NA,NA,NA,NA,NA
292,18922563,Domino's Pizza,NA,NA,NA,NA,NA
293,18746062,Cafe Live & Loud ,NA,NA,NA,NA,NA
294,18746689,Baker's Cafe,NA,NA,NA,NA,NA
295,16500321,Momo King ,NA,NA,NA,NA,NA
296,16500330,Khan Uncle's Biryani House,NA,NA,NA,NA,NA
297,16500333,Nimtho,NA,NA,NA,NA,NA
298,16500304,Thakali,NA,NA,NA,NA,NA
299,18983524,Mehfill- Resto Bar,NA,NA,NA,NA,NA
300,18629821,Sula Vineyards,NA,NA,NA,NA,NA
301,1600099,Kokni Darbar,NA,NA,NA,NA,NA
302,1600067,Al Arabian Express,NA,NA,NA,NA,NA
303,1600136,Dairy Don,NA,NA,NA,NA,NA
304,18585945,The Foundry- Industrial Bar & Sport,NA,NA,NA,NA,NA
305,18839989,Samarth Juice Center,NA,NA,NA,NA,NA
306,18943921,Burger Point,NA,NA,NA,NA,NA
307,1600500,The Sidewalk,NA,NA,NA,NA,NA
308,18608708,Burger King,NA,NA,NA,NA,NA
309,1600258,Barbeque Nation,NA,NA,NA,NA,NA
310,18632170,Panorama,NA,NA,NA,NA,NA
311,1600169,Veg Aroma,NA,NA,NA,NA,NA
312,1600301,Cellar Door @ York,NA,NA,NA,NA,NA
313,18658877,Rock n' Roll,NA,NA,NA,NA,NA
314,1600227,Divtya Budhlya Wada Restaurant,NA,NA,NA,NA,NA
315,18573795,The FRIENDS Bistro,NA,NA,NA,NA,NA
316,1600119,Domino's Pizza,NA,NA,NA,NA,NA
317,1600109,Eastern Spice,NA,NA,NA,NA,NA
318,18962186,Hotel Mughal Darbar,NA,NA,NA,NA,NA
319,1600029,Barbeque Ville,NA,NA,NA,NA,NA
320,18698487,Angaara ,NA,NA,NA,NA,NA
321,18698864,A2B- Adyar Ananda Bhavan,NA,NA,NA,NA,NA
322,18698898,Domino's Pizza,NA,NA,NA,NA,NA
323,18698690,Nahar Sidewalk Cafe,NA,NA,NA,NA,NA
324,18698726,Hyderabad Biriyani House,NA,NA,NA,NA,NA
325,18699624,Shinkows Chinese Restaurant ,NA,NA,NA,NA,NA
326,18698924,Hyderabad Biryani House,NA,NA,NA,NA,NA
327,18698964,Thalassery Restaurant,NA,NA,NA,NA,NA
328,18698943,Willy's Coffee Pub,NA,NA,NA,NA,NA
329,18698658,Place To Bee,NA,NA,NA,NA,NA
330,18698644,Cocoapods,NA,NA,NA,NA,NA
331,18699681,Darjeeling Spicy Momo,NA,NA,NA,NA,NA
332,18698833,Pankaj Bhojanalaya,NA,NA,NA,NA,NA
333,18699247,Dining Room,NA,NA,NA,NA,NA
334,18698916,New Ooty Bakery ,NA,NA,NA,NA,NA
335,18698797,Hotel Junior Kuppanna,NA,NA,NA,NA,NA
336,18698832,Quality Restaurant,NA,NA,NA,NA,NA
337,18700259,Thendral Restaurant,NA,NA,NA,NA,NA
338,18698688,Cliff Top,NA,NA,NA,NA,NA
339,18698999,Ooty Coffee House ,NA,NA,NA,NA,NA
340,18848790,The Brew Estate,332770.0,2019-03-29,2019-05-12,IPL Live Streaming,['https://b.zmtcdn.com/data/zomato_events/photos/aba/6cac3e7cc218f74f0e851fea4f345aba_1553859765.jpg']
341,18703923,Cafe Simla Times,NA,NA,NA,NA,NA
342,18703946,Cafe Sol,NA,NA,NA,NA,NA
343,18704132,Indian Coffee House,NA,NA,NA,NA,NA
344,18704176,Hide Out Cafe,NA,NA,NA,NA,NA
345,18704216,45 The Central,NA,NA,NA,NA,NA
346,18704153,Domino's,NA,NA,NA,NA,NA
347,18704300,Sher-e-Punjab,NA,NA,NA,NA,NA
348,18703974,Cafe Under Tree,NA,NA,NA,NA,NA
349,18704318,Sita Ram & Son ,NA,NA,NA,NA,NA
350,18704259,Honey Hut,NA,NA,NA,NA,NA
351,18703932,Eighteen 71,NA,NA,NA,NA,NA
352,18703939,Embassy The Restaurant,NA,NA,NA,NA,NA
353,18703966,HPTDC Goofa Ashiana Bar and Restaurant,NA,NA,NA,NA,NA
354,18704355,Gupta Ji Bhojnalya,NA,NA,NA,NA,NA
355,18703964,Nalini,NA,NA,NA,NA,NA
356,18704552,Diamond,NA,NA,NA,NA,NA
357,18704352,China Town Restaurant,NA,NA,NA,NA,NA
358,18704339,Hotel Combermere,NA,NA,NA,NA,NA
359,18704457,Singh's Tandoor,NA,NA,NA,NA,NA
360,18784840,The Table By Basant,NA,NA,NA,NA,NA
361,15401,Natural Soups & Shakes,NA,NA,NA,NA,NA
362,15221,Basant,NA,NA,NA,NA,NA
363,18400368,Pirates Of Grill,NA,NA,NA,NA,NA
364,15008,Hot Breads,NA,NA,NA,NA,NA
365,18680874,Natural 2,NA,NA,NA,NA,NA
366,15047,Rishi Vegetarian Dhaba NK,NA,NA,NA,NA,NA
367,18444271,Hawai Adda,NA,NA,NA,NA,NA
368,15556,New Delhi Chhole Bhature,NA,NA,NA,NA,NA
369,18728655,Uncle Jack's,NA,NA,NA,NA,NA
370,15239,Basant Restaurant,NA,NA,NA,NA,NA
371,15101,Bansi Vaishno Dhaba,NA,NA,NA,NA,NA
372,18586834,Burger King,NA,NA,NA,NA,NA
373,15295,Raja Dhaba,NA,NA,NA,NA,NA
374,18282260,KFC,NA,NA,NA,NA,NA
375,15077,Meshi Vaishnu Dhaba,NA,NA,NA,NA,NA
376,18729016,K Chawla Ice Cream & Sweets,NA,NA,NA,NA,NA
377,15488,Shahi Khansama,NA,NA,NA,NA,NA
378,15127,Vipan Vaishno Dhaba,NA,NA,NA,NA,NA
379,18583331,Gopal Sweets,NA,NA,NA,NA,NA
380,2100712,Mocha,NA,NA,NA,NA,NA
381,2101445,The Steaming Mug ,NA,NA,NA,NA,NA
382,2100702,Barbeque Nation,NA,NA,NA,NA,NA
383,2100707,KFC,NA,NA,NA,NA,NA
384,2100719,The Corner Cafe,NA,NA,NA,NA,NA
385,18633388,Kalita Cafe,NA,NA,NA,NA,NA
386,2100784,11th Avenue Cafe Bistro,NA,NA,NA,NA,NA
387,2100118,The Dhaba,NA,NA,NA,NA,NA
388,2100478,Terra Mayaa Restaurant and Lounge,NA,NA,NA,NA,NA
389,2100821,Raja Mircha,NA,NA,NA,NA,NA
390,2100832,Mast Biryani,NA,NA,NA,NA,NA
391,18710093,Fat Belly,NA,NA,NA,NA,NA
392,18801521,Cafe Gram,NA,NA,NA,NA,NA
393,2100644,KFC,NA,NA,NA,NA,NA
394,2100495,Grill Republica,NA,NA,NA,NA,NA
395,2100913,Kalita Spectrum,NA,NA,NA,NA,NA
396,2100904,Mughal Garden,NA,NA,NA,NA,NA
397,18702475,Nanz Cafe,NA,NA,NA,NA,NA
398,18381932,The Zouq : Resto-Cafe,NA,NA,NA,NA,NA
399,18480196,Fat Belly,NA,NA,NA,NA,NA
400,2200000,Kesar Da Dhabha,NA,NA,NA,NA,NA
401,2200044,Bharawan Da Dhaba,NA,NA,NA,NA,NA
402,2200132,Bade Bhai ka Brothers Dhaba,NA,NA,NA,NA,NA
403,2200105,R K Food Plaza,NA,NA,NA,NA,NA
404,2200055,Beera Chicken House,NA,NA,NA,NA,NA
405,2200045,The Kulcha Land,NA,NA,NA,NA,NA
406,2200011,Makhan Fish and Chicken Corner,NA,NA,NA,NA,NA
407,2200365,Cafe Connect,NA,NA,NA,NA,NA
408,2200864,Burger King,NA,NA,NA,NA,NA
409,2200386,Kale Da Dhaba,NA,NA,NA,NA,NA
410,2200236,Brothers' Amritsari Dhaba,NA,NA,NA,NA,NA
411,2200245,Novelty Sweets,NA,NA,NA,NA,NA
412,2200358,Bon Gateau,NA,NA,NA,NA,NA
413,2200314,Domino's Pizza,NA,NA,NA,NA,NA
414,2200534,Sip n Breww,NA,NA,NA,NA,NA
415,2200357,Sanjha Chulha,NA,NA,NA,NA,NA
416,2200283,Sakhis Watz Kukin,NA,NA,NA,NA,NA
417,2200153,Kanha Sweets,NA,NA,NA,NA,NA
418,2200923,Hungry Pizza,NA,NA,NA,NA,NA
419,2200286,Cafe Chokolade,NA,NA,NA,NA,NA
420,2300179,Talk Of The Town,NA,NA,NA,NA,NA
421,2300175,Mithas,NA,NA,NA,NA,NA
422,2300842,Hot Pizza Ace,NA,NA,NA,NA,NA
423,18209832,Zyka Restaurant,NA,NA,NA,NA,NA
424,2300299,Domino's Pizza,NA,NA,NA,NA,NA
425,18697142,Facebook Point,NA,NA,NA,NA,NA
426,2300884,Sagar Ratna,NA,NA,NA,NA,NA
427,18811222,Chauuan Pandit Paties,NA,NA,NA,NA,NA
428,2300981,Bazooka,NA,NA,NA,NA,NA
429,2300729,Juicebox,NA,NA,NA,NA,NA
430,2300984,Foodoo Pizza,NA,NA,NA,NA,NA
431,2300092,Pandit's,NA,NA,NA,NA,NA
432,2300492,Baba Food Court,NA,NA,NA,NA,NA
433,2301845,Mi Casa,NA,NA,NA,NA,NA
434,2300502,Silver Spoons,NA,NA,NA,NA,NA
435,2300051,Domino's Pizza,NA,NA,NA,NA,NA
436,2300050,Baba Biryani,NA,NA,NA,NA,NA
437,2300549,Mithas,NA,NA,NA,NA,NA
438,2300104,Spicy Foods,NA,NA,NA,NA,NA
439,2300035,KFC,NA,NA,NA,NA,NA
440,2400349,Pizza Hut,NA,NA,NA,NA,NA
441,2400358,Domino's Pizza,NA,NA,NA,NA,NA
442,2400193,Mr. Dewsis,NA,NA,NA,NA,NA
443,2400565,Old School Cafe,NA,NA,NA,NA,NA
444,2400018,El Chico Restaurant,NA,NA,NA,NA,NA
445,2400394,Well Bean Cafe,NA,NA,NA,NA,NA
446,2400269,Hot n Cool,NA,NA,NA,NA,NA
447,2400119,KFC,NA,NA,NA,NA,NA
448,18799013,Nainital Momos,NA,NA,NA,NA,NA
449,2400009,Sagar Ratna,NA,NA,NA,NA,NA
450,2400014,McDonald's,NA,NA,NA,NA,NA
451,2400356,Domino's Pizza,NA,NA,NA,NA,NA
452,2400017,Tandoor Restaurant,NA,NA,NA,NA,NA
453,2400019,Bikanerwala,NA,NA,NA,NA,NA
454,18889008,EDEN by Connoisseur,NA,NA,NA,NA,NA
455,2400403,Pind Balluchi,NA,NA,NA,NA,NA
456,2400020,Aryan Family's Delight,NA,NA,NA,NA,NA
457,2400533,SCORE - The Games Cafe,NA,NA,NA,NA,NA
458,18901221,7th Heaven,NA,NA,NA,NA,NA
459,2400390,Haldiram Bhujiawala,NA,NA,NA,NA,NA
460,2500904,Kef Lounge,NA,NA,NA,NA,NA
461,2500672,SNT Tahari House ,NA,NA,NA,NA,NA
462,2500034,Green Leaf,NA,NA,NA,NA,NA
463,2500969,Mustafa's Dum Biryani,NA,NA,NA,NA,NA
464,2500346,Yalla Yalla,NA,NA,NA,NA,NA
465,2500135,Domino's Pizza,NA,NA,NA,NA,NA
466,2500211,Saurabh Restaurant,NA,NA,NA,NA,NA
467,2500123,Great Sagar Restaurant,NA,NA,NA,NA,NA
468,2500332,KFC,NA,NA,NA,NA,NA
469,2500030,Bhoj Restaurant,NA,NA,NA,NA,NA
470,2500654,Sagar Restaurant ,NA,NA,NA,NA,NA
471,2500055,Smile Veg Restaurant,NA,NA,NA,NA,NA
472,2500164,Koyla Dum Biryanis & Kebabs,NA,NA,NA,NA,NA
473,2500353,Pizza Hut,NA,NA,NA,NA,NA
474,2500385,Gayatri Mewad,NA,NA,NA,NA,NA
475,2500146,Sai Prasad,NA,NA,NA,NA,NA
476,2500241,Cone-N-Cakes,NA,NA,NA,NA,NA
477,2500052,Ashoka's Veg Restaurant,NA,NA,NA,NA,NA
478,18796129,Shahi Mughal Darbar,NA,NA,NA,NA,NA
479,2500134,Domino's Pizza,NA,NA,NA,NA,NA
480,2600334,Sagar Gaire Fast Food,NA,NA,NA,NA,NA
481,2600081,Zam Zam Fast Food,NA,NA,NA,NA,NA
482,2600369,Sagar Gaire Fast Food,NA,NA,NA,NA,NA
483,2600499,Zam Zam Fast Food,NA,NA,NA,NA,NA
484,2600003,Manohar Dairy And Restaurant,NA,NA,NA,NA,NA
485,2600109,Sagar Gaire Fast Food,NA,NA,NA,NA,NA
486,2600665,Vishnu Chinese Fast Food,NA,NA,NA,NA,NA
487,2600321,Sagar Gaire Fast Food,NA,NA,NA,NA,NA
488,2600051,Al-Beik,NA,NA,NA,NA,NA
489,18154918,Khan Sahab,NA,NA,NA,NA,NA
490,2601361,Sagar Gaire Fast Food,NA,NA,NA,NA,NA
491,2600320,Sagar Gaire Fast Food,NA,NA,NA,NA,NA
492,18812768,Anni Bhai ki Biryani,NA,NA,NA,NA,NA
493,2600047,Bapu Ki Kutia,NA,NA,NA,NA,NA
494,2601776,Khan Chacha,NA,NA,NA,NA,NA
495,18772225,Sagar Gaire Fast Food,NA,NA,NA,NA,NA
496,2601248,Sagar Gaire Fast Food,NA,NA,NA,NA,NA
497,2601595,Sagar Gaire Fast Food,NA,NA,NA,NA,NA
498,2600913,32 Degree North East,NA,NA,NA,NA,NA
499,2600008,Bake N Shake,NA,NA,NA,NA,NA
500,2700085,Kaveri - Lalpur,NA,NA,NA,NA,NA
501,2700048,Domino's Pizza,NA,NA,NA,NA,NA
502,2700059,Punjab Sweet House,NA,NA,NA,NA,NA
503,18388053,The Best,NA,NA,NA,NA,NA
504,2700606,Second Wife Restaurant,NA,NA,NA,NA,NA
505,2700423,Punjabi Kitchen,NA,NA,NA,NA,NA
506,2700336,The Mezbaan,NA,NA,NA,NA,NA
507,2700986,Domino's Pizza,NA,NA,NA,NA,NA
508,2700458,The Breaking Bread,NA,NA,NA,NA,NA
509,18159977,Hot Lips,NA,NA,NA,NA,NA
510,2700558,KFC,NA,NA,NA,NA,NA
511,2700489,Jashn,NA,NA,NA,NA,NA
512,2700044,KFC,NA,NA,NA,NA,NA
513,2700024,New Kathi Kabab,NA,NA,NA,NA,NA
514,2700047,Domino's Pizza,NA,NA,NA,NA,NA
515,2700081,Seasons Restaurant,NA,NA,NA,NA,NA
516,2700696,Kareem's,NA,NA,NA,NA,NA
517,2700779,Sardar Fast Food Plaza,NA,NA,NA,NA,NA
518,2700049,Pizza Hut,NA,NA,NA,NA,NA
519,2700011,Seventh Heaven,NA,NA,NA,NA,NA
520,2800993,Zeeshan Restaurant - Apna Hyderabadi Food,NA,NA,NA,NA,NA
521,2800294,Sri Sairam Parlour,NA,NA,NA,NA,NA
522,2801554,Helapuri Restaurant,NA,NA,NA,NA,NA
523,2800014,KFC,NA,NA,NA,NA,NA
524,2800096,Kamat Restaurant,NA,NA,NA,NA,NA
525,2801173,Paradise,NA,NA,NA,NA,NA
526,2801561,Indian Flavours Restaurant,NA,NA,NA,NA,NA
527,18766029,Helapuri Restaurant,NA,NA,NA,NA,NA
528,2801545,Helapuri Restaurant,NA,NA,NA,NA,NA
529,2801559,Hotel V Parlour,NA,NA,NA,NA,NA
530,2800083,My Restaurant,NA,NA,NA,NA,NA
531,2801648,Helapuri Restaurant,NA,NA,NA,NA,NA
532,2800901,Paradise,NA,NA,NA,NA,NA
533,2801034,"Fresh Choice- Patisserie, Bakery & Café",NA,NA,NA,NA,NA
534,2800790,Hotel Grand Alpha,NA,NA,NA,NA,NA
535,2800868,Raju's Kitchen,NA,NA,NA,NA,NA
536,2801236,KFC,NA,NA,NA,NA,NA
537,18809359,Helapuri Tiffins,NA,NA,NA,NA,NA
538,2800114,New Satyam Multicuisine Restaurant & Takeaway,NA,NA,NA,NA,NA
539,2800903,Mekong - Hotel GreenPark,NA,NA,NA,NA,NA
540,18805782,Chili's Grill & Bar,NA,NA,NA,NA,NA
541,2902018,Biryani Bhubaneswar,NA,NA,NA,NA,NA
542,18991874,Breathe By Biswajit,NA,NA,NA,NA,NA
543,2901195,BOCCA Cafe,NA,NA,NA,NA,NA
544,2900234,TCD Restaurant & Banquet,NA,NA,NA,NA,NA
545,2900509,Chandini Food Magic,NA,NA,NA,NA,NA
546,18237402,Biggies Burger 'n' More,NA,NA,NA,NA,NA
547,18271459,JUGAAD JN.,NA,NA,NA,NA,NA
548,2901460,Sher-e-Punjab,NA,NA,NA,NA,NA
549,18770281,Three Kings,NA,NA,NA,NA,NA
550,2900667,Biryani247,NA,NA,NA,NA,NA
551,2900453,KFC,NA,NA,NA,NA,NA
552,2900474,Narula's Restaurant,NA,NA,NA,NA,NA
553,18848926,Moody Blues,NA,NA,NA,NA,NA
554,18753913,Biriyani King,NA,NA,NA,NA,NA
555,18285395,Biriyani Box,NA,NA,NA,NA,NA
556,2900232,Domino's Pizza,NA,NA,NA,NA,NA
557,2900222,KFC,NA,NA,NA,NA,NA
558,2900793,JUGAAD JN.,NA,NA,NA,NA,NA
559,2900658,Biggies Burger 'n' More,NA,NA,NA,NA,NA
560,3000152,Cock Ra Co,NA,NA,NA,NA,NA
561,3000214,Shahi Grill,NA,NA,NA,NA,NA
562,3001572,The French Door Cafe & Restaurant,NA,NA,NA,NA,NA
563,3002026,The Chocolate Room,NA,NA,NA,NA,NA
564,3001032,Burger Ka Baap,NA,NA,NA,NA,NA
565,3002715,Yugo,NA,NA,NA,NA,NA
566,3000107,Haribhavanam,NA,NA,NA,NA,NA
567,18242351,Eleven 2 Eleven,NA,NA,NA,NA,NA
568,3002291,Dindigul Venu Biryani,NA,NA,NA,NA,NA
569,3001315,Hotel Delhi Dharbarr,NA,NA,NA,NA,NA
570,3000048,Barbeque Nation,NA,NA,NA,NA,NA
571,3000280,Denmarrk Drive-Inn Restaurant,NA,NA,NA,NA,NA
572,3000572,Sree Annapoorna Sree Gowrishankar,NA,NA,NA,NA,NA
573,3000014,Sree Annapoorna Sree Gowrishankar,NA,NA,NA,NA,NA
574,18671982,Zucca Pizzeria,NA,NA,NA,NA,NA
575,18241403,Vaskas Biriyani,NA,NA,NA,NA,NA
576,3000018,Dindigul Venu Biryani,NA,NA,NA,NA,NA
577,3000251,Pizza Hut,NA,NA,NA,NA,NA
578,3002287,The Slave's Restaurant,NA,NA,NA,NA,NA
579,3000811,Shree Anandhaas,NA,NA,NA,NA,NA
580,3100210,Ideal Cafe,NA,NA,NA,NA,NA
581,3100196,Pabbas,NA,NA,NA,NA,NA
582,3100302,Machali,NA,NA,NA,NA,NA
583,3100753,Bamboo Restaurant,NA,NA,NA,NA,NA
584,18656648,Waffee House,NA,NA,NA,NA,NA
585,3100010,Diesel Cafe,NA,NA,NA,NA,NA
586,3100448,Spindrift,NA,NA,NA,NA,NA
587,3100924,Dinki Dine,NA,NA,NA,NA,NA
588,3100111,Tandoor,NA,NA,NA,NA,NA
589,3100044,Village Restaurant,NA,NA,NA,NA,NA
590,3100006,Ideal's,NA,NA,NA,NA,NA
591,3100159,Crave Desserts & Bakes,NA,NA,NA,NA,NA
592,3100845,Drnk Lab,NA,NA,NA,NA,NA
593,3100134,Andhra House,NA,NA,NA,NA,NA
594,3100837,Food Junction,NA,NA,NA,NA,NA
595,3100169,The Old Prax,NA,NA,NA,NA,NA
596,3100524,Brick House,NA,NA,NA,NA,NA
597,3100441,Barbeque Nation,NA,NA,NA,NA,NA
598,3100016,Royal Darbar,NA,NA,NA,NA,NA
599,3100013,Hao Ming,NA,NA,NA,NA,NA
600,18502212,Munchane,NA,NA,NA,NA,NA
601,18409523,Jassi De Parathe,NA,NA,NA,NA,NA
602,18767071,Day Night Vada Pav & Dabeli,NA,NA,NA,NA,NA
603,3200244,Tasty Vada Pav,NA,NA,NA,NA,NA
604,3201876,Brown Burger Co,NA,NA,NA,NA,NA
605,3200606,Santushti Shakes & More,NA,NA,NA,NA,NA
606,3200477,Chhappanbhog Restaurant & Banquets,NA,NA,NA,NA,NA
607,3200424,Domino's Pizza,NA,NA,NA,NA,NA
608,3200981,Burger King,NA,NA,NA,NA,NA
609,3201787,Saladific,NA,NA,NA,NA,NA
610,3201965,Old School Eatery,NA,NA,NA,NA,NA
611,18461598,Amritsari Kulcha,NA,NA,NA,NA,NA
612,3200029,KFC,NA,NA,NA,NA,NA
613,3201461,Retro Bistro,NA,NA,NA,NA,NA
614,3200139,Hariyali Restaurant,NA,NA,NA,NA,NA
615,3200560,Mr Toasties,NA,NA,NA,NA,NA
616,3200555,Shree Kathiyawadi Khadki,NA,NA,NA,NA,NA
617,3200298,Yo Frankie,NA,NA,NA,NA,NA
618,3200665,Barbeque Nation,NA,NA,NA,NA,NA
619,3200857,Flavor Restaurant,NA,NA,NA,NA,NA
620,3300072,Dosa Plaza,NA,NA,NA,NA,NA
621,18706194,Goosebumps,NA,NA,NA,NA,NA
622,3301708,Plan B,NA,NA,NA,NA,NA
623,3300056,Barbecue Restaurant,NA,NA,NA,NA,NA
624,3301462,Three Beans,336304.0,2019-04-15,2019-04-15,GOT FINAL SEASON S08E01,[]
625,3300012,Mini Punjab,NA,NA,NA,NA,NA
626,18623894,Bouffage Cafe & Bistro,329596.0,2019-03-23,2019-07-31,Sports Unlimited,[]
627,18748677,The Civil Kitchen,336615.0,2019-04-08,2019-06-30,Kitty Party ,[]
628,3300707,KFC,NA,NA,NA,NA,NA
629,3300958,Barbeque Nation,NA,NA,NA,NA,NA
630,3301605,Roast Cafe,NA,NA,NA,NA,NA
631,18717585,Tanjore - Enter the Deccan,NA,NA,NA,NA,NA
632,3301200,Behrouz Biryani,NA,NA,NA,NA,NA
633,18394440,Uttar Dakshin by Naivedhyam,NA,NA,NA,NA,NA
634,3300011,Babbu Hotel,NA,NA,NA,NA,NA
635,3300058,The Breakfast Story,NA,NA,NA,NA,NA
636,3301013,Zaikart,NA,NA,NA,NA,NA
637,18795312,Juhi's Kitchen,336285.0,2019-04-06,2019-04-17,SPECIAL VEGETARIAN DISHES,[]
638,18664896,Burger Singh,NA,NA,NA,NA,NA
639,3301766,Hunger's Den Restaurant & Cafe,NA,NA,NA,NA,NA
640,18888066,Kiskey Whiskey,NA,NA,NA,NA,NA
641,3401013,Bhagat Halwai,NA,NA,NA,NA,NA
642,3400299,Bikanervala,NA,NA,NA,NA,NA
643,3400290,Bhagat Halwai,NA,NA,NA,NA,NA
644,3400005,Mama Chicken Mama Franky House,NA,NA,NA,NA,NA
645,3401344,Cafe Turquoise Cottage,NA,NA,NA,NA,NA
646,3400296,Honeydew Restaurant,NA,NA,NA,NA,NA
647,3400712,The Greener Side,NA,NA,NA,NA,NA
648,18966639,Fakira,332137.0,2019-03-28,2019-05-30,Cricket Fever,[]
649,3400275,Domino's Pizza,NA,NA,NA,NA,NA
650,3400425,Bikanervala,NA,NA,NA,NA,NA
651,3400868,Hichkee,NA,NA,NA,NA,NA
652,3400850,Urban Deck,NA,NA,NA,NA,NA
653,3400105,Pizza Hut,NA,NA,NA,NA,NA
654,3400279,Mc Donald's,NA,NA,NA,NA,NA
655,3400017,Pinch Of Spice,NA,NA,NA,NA,NA
656,3400282,Aahar,NA,NA,NA,NA,NA
657,3400277,Pizza Hut,NA,NA,NA,NA,NA
658,3400326,Tea'se Me - Rooftop Tea Boutique,332135.0,2019-03-28,2019-05-30,Cricket Fever,[]
659,3400368,Domino's Pizza,NA,NA,NA,NA,NA
660,3500424,Gaylord Xpress,NA,NA,NA,NA,NA
661,3500484,Kalsang AMA Cafe,NA,NA,NA,NA,NA
662,3500505,Barbeque Nation,NA,NA,NA,NA,NA
663,3500218,Uss Da Dhaba,NA,NA,NA,NA,NA
664,3502144,Mannu Fast Food,NA,NA,NA,NA,NA
665,3501639,70 Percent Restro Cafe,NA,NA,NA,NA,NA
666,3500437,Walk In Woods,NA,NA,NA,NA,NA
667,18391854,Burger King,NA,NA,NA,NA,NA
668,18754629,Domino's Pizza,NA,NA,NA,NA,NA
669,18408585,Punjab Grill,NA,NA,NA,NA,NA
670,3500017,Anandam,NA,NA,NA,NA,NA
671,3500250,Ellora's Melting Moments,NA,NA,NA,NA,NA
672,3500078,Orchard,NA,NA,NA,NA,NA
673,3501364,Chicago BR,NA,NA,NA,NA,NA
674,3500193,KC Soup Bar,NA,NA,NA,NA,NA
675,18699236,Tuhada Dhaba,NA,NA,NA,NA,NA
676,3500011,Kalsang Friends Corner,NA,NA,NA,NA,NA
677,3500969,Cafe De Piccolo,NA,NA,NA,NA,NA
678,18416632,The Great Indian Pub,NA,NA,NA,NA,NA
679,3500010,Black Pepper Restaurant,NA,NA,NA,NA,NA
680,3600012,Empire Restaurant,NA,NA,NA,NA,NA
681,3600375,The Old House,NA,NA,NA,NA,NA
682,3600017,Gufha Restaurant,NA,NA,NA,NA,NA
683,3600065,Hotel RRR,NA,NA,NA,NA,NA
684,3600122,Kafe Biryani Corner,NA,NA,NA,NA,NA
685,3601144,Kapoor's Cafe,NA,NA,NA,NA,NA
686,3600119,Big Chicken,NA,NA,NA,NA,NA
687,3600593,Frosting,NA,NA,NA,NA,NA
688,3600817,Etihad Arabian Restaurant,NA,NA,NA,NA,NA
689,3600352,Barbeque Nation,NA,NA,NA,NA,NA
690,3600389,Highway 18,NA,NA,NA,NA,NA
691,3600018,KFC,NA,NA,NA,NA,NA
692,3600013,Green Leaf,NA,NA,NA,NA,NA
693,3600192,Spring - Radisson Blu Plaza,NA,NA,NA,NA,NA
694,3600015,Original Vinayaka Mylari,NA,NA,NA,NA,NA
695,3600148,Andhra Ruchulu,NA,NA,NA,NA,NA
696,3600265,Jalpaan Dining Saga,NA,NA,NA,NA,NA
697,3600252,Hotel RRR Mysore,NA,NA,NA,NA,NA
698,3600072,Nanking,NA,NA,NA,NA,NA
699,3600403,Hotel Hanumanthu,NA,NA,NA,NA,NA
700,3700054,Cafe Xtasi,NA,NA,NA,NA,NA
701,3700051,Cafe des Arts,NA,NA,NA,NA,NA
702,3700050,Baker Street,NA,NA,NA,NA,NA
703,3700770,Escape In,NA,NA,NA,NA,NA
704,3700021,The Indian Kaffe Express,NA,NA,NA,NA,NA
705,3701200,Les Saveurs,NA,NA,NA,NA,NA
706,18378803,#Dilliwaala6,NA,NA,NA,NA,NA
707,3700049,Villa Shanti,NA,NA,NA,NA,NA
708,3700041,Zuka,NA,NA,NA,NA,NA
709,3701130,PY Cafe,NA,NA,NA,NA,NA
710,3700572,Bread & Chocolate,NA,NA,NA,NA,NA
711,3700649,Taka Pizza,NA,NA,NA,NA,NA
712,3700069,Le Cafe,NA,NA,NA,NA,NA
713,3700010,Auroville Bakery,NA,NA,NA,NA,NA
714,3700656,Margaritas,NA,NA,NA,NA,NA
715,3700037,Le Dupleix,NA,NA,NA,NA,NA
716,3700017,The Pasta Bar Veneto,NA,NA,NA,NA,NA
717,3700723,SICILYS,NA,NA,NA,NA,NA
718,3700047,Surguru,NA,NA,NA,NA,NA
719,3700009,Tanto,NA,NA,NA,NA,NA
720,3800420,Mahalakshmi,NA,NA,NA,NA,NA
721,18744566,Burger King,NA,NA,NA,NA,NA
722,3800007,Barbeque Nation,NA,NA,NA,NA,NA
723,3800321,Coffee King,NA,NA,NA,NA,NA
724,18589557,Vegji's,NA,NA,NA,NA,NA
725,19003551,Icekraft,NA,NA,NA,NA,NA
726,3800583,Kailash Sweets & Snacks,NA,NA,NA,NA,NA
727,3800696,Kailash Sweet & Snacks,NA,NA,NA,NA,NA
728,3800313,Bhai Bhai Omelette Center,NA,NA,NA,NA,NA
729,18760674,Sarvottam Hotel,NA,NA,NA,NA,NA
730,18551944,Coffee King,NA,NA,NA,NA,NA
731,3800068,Jalaram Khichadi,NA,NA,NA,NA,NA
732,3800390,Singh Saaab Di Rasoi,NA,NA,NA,NA,NA
733,18349362,Harikrushna Restaurant,NA,NA,NA,NA,NA
734,18778476,Bismillah,NA,NA,NA,NA,NA
735,18783529,Kailash Sweets & Snacks,NA,NA,NA,NA,NA
736,3800537,Mahesh Pav Bhaji,NA,NA,NA,NA,NA
737,3800017,Pizza Hut,NA,NA,NA,NA,NA
738,3800293,Kailash Sweets & Snacks,NA,NA,NA,NA,NA
739,3800690,Bismillah,NA,NA,NA,NA,NA
740,3900223,Sha Chicken Hut,NA,NA,NA,NA,NA
741,18803653,KFC,NA,NA,NA,NA,NA
742,3900067,Taste King,NA,NA,NA,NA,NA
743,18610032,Crood Square,NA,NA,NA,NA,NA
744,3900057,Ming Garden,NA,NA,NA,NA,NA
745,3900045,Domino's Pizza,NA,NA,NA,NA,NA
746,3900253,Sagar Ratna,NA,NA,NA,NA,NA
747,3900267,Roma's Café Diner,NA,NA,NA,NA,NA
748,18689916,The Yellow Chilli,NA,NA,NA,NA,NA
749,3900245,Deena Chat Bhandar,NA,NA,NA,NA,NA
750,18652184,Doodh Booth,NA,NA,NA,NA,NA
751,3900135,Maharaja Restaurant,NA,NA,NA,NA,NA
752,18787962,Cafe de Coop,NA,NA,NA,NA,NA
753,3900032,Kashi Chat Bhandar,NA,NA,NA,NA,NA
754,3900455,The Tripling Bistro,NA,NA,NA,NA,NA
755,3900037,Pizza Hut,NA,NA,NA,NA,NA
756,3900138,McDonald's,NA,NA,NA,NA,NA
757,3900266,Holy Chopsticks,NA,NA,NA,NA,NA
758,18676368,Barbeque Nation,NA,NA,NA,NA,NA
759,3900043,Domino's Pizza,NA,NA,NA,NA,NA
760,4000412,Aasman,NA,NA,NA,NA,NA
761,18640853,Foresto Paradise,NA,NA,NA,NA,NA
762,4000320,Haldiram,NA,NA,NA,NA,NA
763,4000265,Harilal's,NA,NA,NA,NA,NA
764,18343124,Swaaddesh,NA,NA,NA,NA,NA
765,4000274,KFC,NA,NA,NA,NA,NA
766,18746152,Hungry Hope,NA,NA,NA,NA,NA
767,4000009,Domino's Pizza,NA,NA,NA,NA,NA
768,4000289,The Biryani Mall,NA,NA,NA,NA,NA
769,18625991,Barbeque Nation,NA,NA,NA,NA,NA
770,4000018,Kapil Dev's Eleven,NA,NA,NA,NA,NA
771,4000016,Bansi Vihar Restaurant,NA,NA,NA,NA,NA
772,18573326,Biryani Mahal,NA,NA,NA,NA,NA
773,18705092,Harilal's,NA,NA,NA,NA,NA
774,18706220,Zaaffran,NA,NA,NA,NA,NA
775,4000336,Pizza Hut,NA,NA,NA,NA,NA
776,4000015,Nirvana,NA,NA,NA,NA,NA
777,4000053,Biryani House,NA,NA,NA,NA,NA
778,18616231,Chaska The Addiction,NA,NA,NA,NA,NA
779,4000049,Lakhu Da Dhaba,NA,NA,NA,NA,NA
780,18560275,Barbeque Nation,331382.0,2019-05-05,2019-06-06,Ramadan ,[]
781,18534988,Masala Wok,NA,NA,NA,NA,NA
782,210139,Grub Shack,NA,NA,NA,NA,NA
783,201693,Dhaba Lane,308544.0,2019-01-29,2019-04-29,Business Lunch,[]
784,209723,Azkadenya,NA,NA,NA,NA,NA
785,18621395,Highway 311 Grills and Eatery,NA,NA,NA,NA,NA
786,207770,Mint Leaf of London,NA,NA,NA,NA,NA
787,209748,Kulcha King,NA,NA,NA,NA,NA
788,205432,Old Castello Restaurant & Cafe,NA,NA,NA,NA,NA
789,18549283,Sthan,NA,NA,NA,NA,NA
790,200376,California Pizza Kitchen,NA,NA,NA,NA,NA
791,203518,The Huddle Sports Bar and Grill - Citymax Hotels Bur Dubai,316249.0,2019-04-26,2019-04-27,The Huddle Bollywood Night,['https://b.zmtcdn.com/data/zomato_events/photos/3f4/55cbf6d07983e2e71099368ff6b8b3f4_1550642162.jpg']
792,18233284,Farzi Cafe,NA,NA,NA,NA,NA
793,18604803,Dillicious,NA,NA,NA,NA,NA
794,18650045,Tamarind Terrace,337390.0,2019-04-15,2019-04-15,Vishu Sadhya,['https://b.zmtcdn.com/data/zomato_events/photos/59a/3b4b84d7f4a09ec3d2819a9d418d359a_1554819420.jpg']
795,18820043,Biryaniwalla & Co,NA,NA,NA,NA,NA
796,210370,Texas De Brazil,NA,NA,NA,NA,NA
797,18259525,Real Momos,NA,NA,NA,NA,NA
798,209654,Rasoi Ghar,335476.0,2019-04-29,2019-05-01,4th Anniversary Celebration!,['https://b.zmtcdn.com/data/zomato_events/photos/dc5/ddca56001ba4f053eb04378a0b203dc5_1554383144.png']
799,200377,California Pizza Kitchen,NA,NA,NA,NA,NA
800,18485435,The Curry Culture,NA,NA,NA,NA,NA
801,18483420,Burnt Ends,NA,NA,NA,NA,NA
802,18482848,Singapore Zam Zam Restaurant,NA,NA,NA,NA,NA
803,18496115,Komala Vilas Restaurant,NA,NA,NA,NA,NA
804,18482886,Corner House,NA,NA,NA,NA,NA
805,18484349,Cut By Wolfgang Puck,NA,NA,NA,NA,NA
806,18483222,Jaan,NA,NA,NA,NA,NA
807,18484299,Melt Cafe,NA,NA,NA,NA,NA
808,18483051,Summer Pavilion,NA,NA,NA,NA,NA
809,18483372,Sky On 57,NA,NA,NA,NA,NA
810,18483595,Edge,NA,NA,NA,NA,NA
811,18485564,Wild Honey,NA,NA,NA,NA,NA
812,18485572,Carousel,NA,NA,NA,NA,NA
813,18483714,Fratini La Trattoria,NA,NA,NA,NA,NA
814,18483374,My Awesome Cafe,NA,NA,NA,NA,NA
815,18483658,Basilico,NA,NA,NA,NA,NA
816,18484464,Colony,NA,NA,NA,NA,NA
817,18483362,Adrift By David Myers,NA,NA,NA,NA,NA
818,18493989,Makansutra Gluttons Bay,NA,NA,NA,NA,NA
819,18494038,Peach Blossoms,NA,NA,NA,NA,NA
820,5603572,Ushna,NA,NA,NA,NA,NA
821,5601340,Aroos Damascus,NA,NA,NA,NA,NA
822,5600642,Katis Restaurant,NA,NA,NA,NA,NA
823,5604236,Malabar Regency,334878.0,2019-04-15,2019-04-15,Traditional Kerala Style Vishu Sadya,[]
824,5602586,Saffron,NA,NA,NA,NA,NA
825,18386634,Momo House,NA,NA,NA,NA,NA
826,5603322,Khanji,NA,NA,NA,NA,NA
827,5603447,Eat Route,NA,NA,NA,NA,NA
828,5602215,Makani Restaurant,NA,NA,NA,NA,NA
829,5600103,Najmat Lahore Restaurant,NA,NA,NA,NA,NA
830,5602106,Papa Murphy's Pizza,NA,NA,NA,NA,NA
831,5601628,Laffah Cafeteria - كافتيريا لفاح,NA,NA,NA,NA,NA
832,18268134,Zaroob,NA,NA,NA,NA,NA
833,5600959,Nayaab Haandi,NA,NA,NA,NA,NA
834,5603697,Al Miqat,NA,NA,NA,NA,NA
835,5601952,Delhi Nihari Restaurant,NA,NA,NA,NA,NA
836,5601723,The Pizza Company,NA,NA,NA,NA,NA
837,5600556,TGI Fridays,NA,NA,NA,NA,NA
838,5601606,Shakespeare and Co. - شكسبير اند كو,NA,NA,NA,NA,NA
839,5604675,Molten Chocolate Cafe,NA,NA,NA,NA,NA
840,5701885,Max's Restaurant,NA,NA,NA,NA,NA
841,18403563,Texas de Brazil,NA,NA,NA,NA,NA
842,5702615,Via Delhi,NA,NA,NA,NA,NA
843,18340151,Famous Dave's Barbecue,NA,NA,NA,NA,NA
844,5702148,Nando's,NA,NA,NA,NA,NA
845,18431870,Parivar Restaurant,NA,NA,NA,NA,NA
846,5702574,The Cheesecake Factory,NA,NA,NA,NA,NA
847,5701978,Pizza Di Rocco,NA,NA,NA,NA,NA
848,5702150,Papa Murphy's Pizza- World Trade Center Mall,NA,NA,NA,NA,NA
849,5704255,Famous Dave's Barbecue,NA,NA,NA,NA,NA
850,5700119,India Palace,NA,NA,NA,NA,NA
851,5701025,India Palace,NA,NA,NA,NA,NA
852,5704202,Hot Palayok,NA,NA,NA,NA,NA
853,18493509,MYNT Indian Cuisine,NA,NA,NA,NA,NA
854,18212135,Denny's,308361.0,2019-02-05,2019-04-30,Introducing the Ultimate Shakshouka & The Denny's Bennies,"['https://b.zmtcdn.com/data/zomato_events/photos/7a5/3e7640580c2a0ab05313c29ff28ba7a5_1549347517.jpg', 'https://b.zmtcdn.com/data/zomato_events/photos/5f6/2a2f9fe52b66407d26731c993b1b85f6_1549347518.jpg']"
855,5701442,Peppermill,NA,NA,NA,NA,NA
856,5702990,Jazz@PizzaExpress,308928.0,2019-02-05,2019-12-31,2 for 1 Brunch - Every Friday,['https://b.zmtcdn.com/data/zomato_events/photos/ad5/41d00ff0bf1a6d2c8895f9fd01c22ad5_1549380125.jpg']
857,18277098,Ming's Chamber,NA,NA,NA,NA,NA
858,5702486,Ghee Rice,332697.0,2019-05-04,2019-06-04,Grand Iftar Buffet 2019,[]
859,18340175,The Yellow Chilli by Sanjeev Kapoor,NA,NA,NA,NA,NA
860,5800678,Harbour Court - The Kingsbury,NA,NA,NA,NA,NA
861,5801085,Tea Avenue,NA,NA,NA,NA,NA
862,5800240,The Gallery Cafe,NA,NA,NA,NA,NA
863,5800710,The Manhattan Fish Market,NA,NA,NA,NA,NA
864,5800224,Sugar Bistro and Wine Bar,NA,NA,NA,NA,NA
865,5800746,T.G.I. Friday's,NA,NA,NA,NA,NA
866,5800011,The Bavarian,NA,NA,NA,NA,NA
867,5800707,The Barnesbury,NA,NA,NA,NA,NA
868,5800646,Coco Veranda,NA,NA,NA,NA,NA
869,5800066,Java Lounge,NA,NA,NA,NA,NA
870,5800634,Elite Indian Restaurant,NA,NA,NA,NA,NA
871,5800180,Cafe On The 5th,NA,NA,NA,NA,NA
872,5800947,The English Cake Company - The Cakery,NA,NA,NA,NA,NA
873,5801131,Indian Summer,NA,NA,NA,NA,NA
874,5800590,The Commons,NA,NA,NA,NA,NA
875,5800536,The Mango Tree,NA,NA,NA,NA,NA
876,5800891,The Paddington,NA,NA,NA,NA,NA
877,5800289,The Coffee Bean & Tea Leaf,NA,NA,NA,NA,NA
878,5800755,Upali's,NA,NA,NA,NA,NA
879,5800612,Burger's King,NA,NA,NA,NA,NA
880,18286221,Sarıhan,NA,NA,NA,NA,NA
881,5915530,Nusr-Et Steakhouse,NA,NA,NA,NA,NA
882,18264711,Ercan Steakhouse,NA,NA,NA,NA,NA
883,5926083,Joker No:19,NA,NA,NA,NA,NA
884,18453909,Asuman,NA,NA,NA,NA,NA
885,18140481,Mendel's,NA,NA,NA,NA,NA
886,5916219,Biber Burger,NA,NA,NA,NA,NA
887,5916870,Kukis,NA,NA,NA,NA,NA
888,5902117,Valonia,NA,NA,NA,NA,NA
889,5915409,Eleos Restaurant,NA,NA,NA,NA,NA
890,5906444,Tarihi Viktor Levi Şarap Evi,NA,NA,NA,NA,NA
891,5915054,Baltazar,NA,NA,NA,NA,NA
892,5913508,Katibim,NA,NA,NA,NA,NA
893,18140482,BeerHall,NA,NA,NA,NA,NA
894,18384475,Happy Moon's,NA,NA,NA,NA,NA
895,5908749,Ceviz Ağacı,NA,NA,NA,NA,NA
896,5906931,My Chef,NA,NA,NA,NA,NA
897,5904851,Limonlu Bahçe,NA,NA,NA,NA,NA
898,18089353,Mükellef,NA,NA,NA,NA,NA
899,5923535,Boon Cafe & Restaurant,NA,NA,NA,NA,NA
900,6000482,Mersinli Ciğerci Apo,NA,NA,NA,NA,NA
901,6001317,Cafe Des Cafes,NA,NA,NA,NA,NA
902,6005865,The Italian Cut Pizza & Kitchen,NA,NA,NA,NA,NA
903,6000447,Masabaşı Kebapçısı,NA,NA,NA,NA,NA
904,6000168,Hattena Hatay  Sofrası,NA,NA,NA,NA,NA
905,6002297,Trilye,NA,NA,NA,NA,NA
906,6000871,Çukurağa Sofrası,NA,NA,NA,NA,NA
907,6003858,Quick China,NA,NA,NA,NA,NA
908,6004408,Turta Home Cafe,NA,NA,NA,NA,NA
909,6000185,La Gioia Cafe Brasserie,NA,NA,NA,NA,NA
910,6001980,Timboo Cafe,NA,NA,NA,NA,NA
911,6001545,Cafe Botanica,NA,NA,NA,NA,NA
912,6000409,Cafemiz,NA,NA,NA,NA,NA
913,6002025,Masabaşı,NA,NA,NA,NA,NA
914,6001748,Meşhur Özçelik Aspava,NA,NA,NA,NA,NA
915,6005539,Zaytung Zone,NA,NA,NA,NA,NA
916,6000019,Nusr-Et Steakhouse,NA,NA,NA,NA,NA
917,6000921,Düveroğlu,NA,NA,NA,NA,NA
918,6007004,Müslüm Kebap,NA,NA,NA,NA,NA
919,6000549,Meşhur Tavacı Recep Usta,NA,NA,NA,NA,NA
920,6114829,Duck & Waffle,NA,NA,NA,NA,NA
921,6107336,Sushi Samba,NA,NA,NA,NA,NA
922,6113857,sketch Gallery,NA,NA,NA,NA,NA
923,6104220,Roti Chai,NA,NA,NA,NA,NA
924,6103211,Dishoom,NA,NA,NA,NA,NA
925,6104649,Honest Burgers,NA,NA,NA,NA,NA
926,6100054,Masala Zone,NA,NA,NA,NA,NA
927,6104639,Bob Bob Ricard,NA,NA,NA,NA,NA
928,6107493,Tayyabs,NA,NA,NA,NA,NA
929,6117859,Shake Shack,NA,NA,NA,NA,NA
930,6113835,Dinner By Heston Blumenthal - Mandarin Oriental Hyde Park,NA,NA,NA,NA,NA
931,6105938,Patty & Bun,NA,NA,NA,NA,NA
932,6102622,Burger & Lobster,NA,NA,NA,NA,NA
933,6116783,Aqua Shard,NA,NA,NA,NA,NA
934,6102866,Hakkasan,NA,NA,NA,NA,NA
935,6112889,MEATliquor,NA,NA,NA,NA,NA
936,6116563,Chotto Matte,NA,NA,NA,NA,NA
937,6103922,Dishoom,NA,NA,NA,NA,NA
938,6100354,Busaba Eathai,NA,NA,NA,NA,NA
939,6103902,Yauatcha,NA,NA,NA,NA,NA
940,18455788,Zaitoon Restaurant & Grills,NA,NA,NA,NA,NA
941,6202987,Max's Restaurant,NA,NA,NA,NA,NA
942,18397873,Hasan Kolcuoğlu,NA,NA,NA,NA,NA
943,18425886,Hasan Kolcuoğlu,NA,NA,NA,NA,NA
944,18318801,Roti & Boti,NA,NA,NA,NA,NA
945,18187643,Max's Restaurant,NA,NA,NA,NA,NA
946,18722599,Kairali Al Tanoor,NA,NA,NA,NA,NA
947,18107765,Zaffran Dining Experience,NA,NA,NA,NA,NA
948,6200733,Carluccio's - كارلوتشيوز,NA,NA,NA,NA,NA
949,18439782,Carluccio's - كارلوتشيوز,NA,NA,NA,NA,NA
950,6201346,Zaffran Café,NA,NA,NA,NA,NA
951,6201334,Chi'Zen - تشي زين,NA,NA,NA,NA,NA
952,6200166,Wok of Fame,NA,NA,NA,NA,NA
953,6201309,MRA Bakery Sweets & Restaurant,NA,NA,NA,NA,NA
954,6200383,Applebee's - ابل بيز,NA,NA,NA,NA,NA
955,6200110,Aalishan,NA,NA,NA,NA,NA
956,18626843,Desi Dhaba Restaurant ,NA,NA,NA,NA,NA
957,6201323,Yee Hwa,NA,NA,NA,NA,NA
958,6200412,Turkey Central Restaurant - مطعم تركيا المركزي,NA,NA,NA,NA,NA
959,6201976,Indian Coffee House,NA,NA,NA,NA,NA
960,18451647,Soru Izakaya,NA,NA,NA,NA,NA
961,18245912,Sunnies Cafe,NA,NA,NA,NA,NA
962,6310488,Saboten,NA,NA,NA,NA,NA
963,18506282,Sibyullee,252193.0,2018-09-07,2019-07-31,Unlimited Korean BBQ,"['https://b.zmtcdn.com/data/zomato_events/photos/5c3/96df23d96ea3bf0ddfc7a735bca8e5c3_1548077681.jpg', 'https://b.zmtcdn.com/data/zomato_events/photos/0e5/4c148bf84706b811f558a51c799fc0e5_1536290922.jpg', 'https://b.zmtcdn.com/data/zomato_events/photos/22a/039f2fbcc5beaf2b0adb21140561522a_1536290922.jpg', 'https://b.zmtcdn.com/data/zomato_events/photos/a23/24da35eb2c42522b0a54d53f8695aa23_1536290922.jpg', 'https://b.zmtcdn.com/data/zomato_events/photos/a36/74dff2c44faeb08fee956bd45c195a36_1536290923.jpg', 'https://b.zmtcdn.com/data/zomato_events/photos/a39/8489b091ff786364ef0c995f8a194a39_1536290923.jpg', 'https://b.zmtcdn.com/data/zomato_events/photos/227/414d75c2f032d6dd085d358db9c0b227_1536290923.jpg', 'https://b.zmtcdn.com/data/zomato_events/photos/170/6001855e1791b070a0ed2034aad27170_1536290923.jpg']"
964,18684182,Soru Izakaya,NA,NA,NA,NA,NA
965,18641526,PizzaExpress,NA,NA,NA,NA,NA
966,6318945,Nikkei,NA,NA,NA,NA,NA
967,6316125,Mendokoro Ramenba,NA,NA,NA,NA,NA
968,6313941,Chelsea Kitchen,NA,NA,NA,NA,NA
969,18695427,Mendokoro Ramenba,NA,NA,NA,NA,NA
970,18278135,Sunnies Cafe,NA,NA,NA,NA,NA
971,18594729,Nikkei,NA,NA,NA,NA,NA
972,6304287,Izakaya Kikufuji,NA,NA,NA,NA,NA
973,18409457,Soban K-Town Grill,NA,NA,NA,NA,NA
974,6318506,Ooma,NA,NA,NA,NA,NA
975,18376891,Single Origin,NA,NA,NA,NA,NA
976,6314147,Va Bene Pasta Deli,NA,NA,NA,NA,NA
977,6316532,Mama Lou's Italian Kitchen,NA,NA,NA,NA,NA
978,6300010,Spiral - Sofitel Philippine Plaza Manila,NA,NA,NA,NA,NA
979,18643656,Nomi - Modern Japanese Cafe,NA,NA,NA,NA,NA
980,6403544,Jarryds,NA,NA,NA,NA,NA
981,6400918,Cape to Cuba,NA,NA,NA,NA,NA
982,6400217,Willoughby & Co.,NA,NA,NA,NA,NA
983,6401789,tashas,NA,NA,NA,NA,NA
984,6403030,La Colombe,NA,NA,NA,NA,NA
985,6400304,Eastern Food Bazaar,NA,NA,NA,NA,NA
986,6401054,Kloof Street House,NA,NA,NA,NA,NA
987,6400078,Nuri Sushi Factory,NA,NA,NA,NA,NA
988,6402904,The Larder,NA,NA,NA,NA,NA
989,6402177,Salushi,NA,NA,NA,NA,NA
990,18337822,Burger & Lobster,NA,NA,NA,NA,NA
991,6400191,Beluga,NA,NA,NA,NA,NA
992,6400392,The Cousins Trattoria,NA,NA,NA,NA,NA
993,6400175,The Fat Cactus,NA,NA,NA,NA,NA
994,6400097,Balducci,NA,NA,NA,NA,NA
995,18337855,Three Wise Monkeys,NA,NA,NA,NA,NA
996,6400176,Sevruga,NA,NA,NA,NA,NA
997,6401314,The Potluck Club,NA,NA,NA,NA,NA
998,6400212,Meloncino,NA,NA,NA,NA,NA
999,6401060,Jason Bakery,NA,NA,NA,NA,NA
1000,6502134,The Whippet,NA,NA,NA,NA,NA
1001,18767581,Saint,NA,NA,NA,NA,NA
1002,6517396,Momo Baohaus,NA,NA,NA,NA,NA
1003,18204217,Gemelli Cucina Bar,NA,NA,NA,NA,NA
1004,6517568,Jamie's Italian,NA,NA,NA,NA,NA
1005,6502688,Craft,NA,NA,NA,NA,NA
1006,6517281,Pablo Eggs-Go-Bar,NA,NA,NA,NA,NA
1007,6516831,The Big Mouth,NA,NA,NA,NA,NA
1008,6517298,Kream,NA,NA,NA,NA,NA
1009,6501030,The Foundry,NA,NA,NA,NA,NA
1010,6515339,Cafe Del Sol Botanico,NA,NA,NA,NA,NA
1011,6500789,The Green Peppercorn,NA,NA,NA,NA,NA
1012,6515130,Hudsons,NA,NA,NA,NA,NA
1013,6501265,Dukes Burgers,NA,NA,NA,NA,NA
1014,6502130,Coobs,NA,NA,NA,NA,NA
1015,6501365,Wombles,NA,NA,NA,NA,NA
1016,6502041,KCC La Vie En Rose,NA,NA,NA,NA,NA
1017,6500359,JB's Corner,NA,NA,NA,NA,NA
1018,6501169,Walnut Grove,NA,NA,NA,NA,NA
1019,6501055,DW Eleven-13,NA,NA,NA,NA,NA
1020,6600440,Nau,NA,NA,NA,NA,NA
1021,6601218,New Koto,NA,NA,NA,NA,NA
1022,6601862,Taypá,NA,NA,NA,NA,NA
1023,6601589,Coco Bambu,NA,NA,NA,NA,NA
1024,6601457,Brazilian American Burgers,NA,NA,NA,NA,NA
1025,6600214,Beirute,NA,NA,NA,NA,NA
1026,6601549,It Speed Lunch,NA,NA,NA,NA,NA
1027,6601602,Taco Pep,NA,NA,NA,NA,NA
1028,6600754,Carcassone,NA,NA,NA,NA,NA
1029,6600083,Villa Tevere,NA,NA,NA,NA,NA
1030,6600611,Fred,NA,NA,NA,NA,NA
1031,6601595,Outback Steakhouse,NA,NA,NA,NA,NA
1032,6600542,Avenida Paulista,NA,NA,NA,NA,NA
1033,6601145,Bierfass Pontão,NA,NA,NA,NA,NA
1034,6600879,Babel,NA,NA,NA,NA,NA
1035,6600379,Sushi Loko,NA,NA,NA,NA,NA
1036,6601158,Manzuá,NA,NA,NA,NA,NA
1037,6600963,La Chaumière,NA,NA,NA,NA,NA
1038,6601005,Café Daniel Briand,NA,NA,NA,NA,NA
1039,6600116,Gero,NA,NA,NA,NA,NA
1040,6703405,Porque Sim,NA,NA,NA,NA,NA
1041,6709740,Mocotó,NA,NA,NA,NA,NA
1042,6700992,La Tambouille,NA,NA,NA,NA,NA
1043,6712911,Coco Bambú,NA,NA,NA,NA,NA
1044,6701071,Z Deli Sandwich Shop,NA,NA,NA,NA,NA
1045,6711666,Kinoshita,NA,NA,NA,NA,NA
1046,6712917,Coco Bambú,NA,NA,NA,NA,NA
1047,6709580,Esquina Mocotó,NA,NA,NA,NA,NA
1048,6713772,Sainte Marie Gastronomia,NA,NA,NA,NA,NA
1049,6715930,Tanit,NA,NA,NA,NA,NA
1050,6701853,Vicolo Nostro,NA,NA,NA,NA,NA
1051,6715715,A Casa do Porco,NA,NA,NA,NA,NA
1052,6700410,Tatini,NA,NA,NA,NA,NA
1053,6702013,Jam,NA,NA,NA,NA,NA
1054,6702374,Fasano - Hotel Fasano,NA,NA,NA,NA,NA
1055,6712927,D.O.M.,NA,NA,NA,NA,NA
1056,6715789,Djapa,NA,NA,NA,NA,NA
1057,6701049,Bistrot de Paris,NA,NA,NA,NA,NA
1058,6715851,Fleming’s Prime Steakhouse & Wine Bar,NA,NA,NA,NA,NA
1059,6713209,Agello Cucina,NA,NA,NA,NA,NA
1060,6801374,Solita,NA,NA,NA,NA,NA
1061,6800878,The Alchemist,NA,NA,NA,NA,NA
1062,17855562,Tattu Restaurant and Bar,NA,NA,NA,NA,NA
1063,6801293,Hard Rock Cafe,NA,NA,NA,NA,NA
1064,6801900,Evuna Bar & Restaurant,NA,NA,NA,NA,NA
1065,6800908,Mughli,NA,NA,NA,NA,NA
1066,18253075,Yard & Coop,NA,NA,NA,NA,NA
1067,6800678,Lahore,NA,NA,NA,NA,NA
1068,6801329,Home Sweet Home,NA,NA,NA,NA,NA
1069,6801386,Cafe North,NA,NA,NA,NA,NA
1070,6800759,The Grill on New York Street,NA,NA,NA,NA,NA
1071,6801039,San Carlo,NA,NA,NA,NA,NA
1072,6800235,The Grill On The Alley,NA,NA,NA,NA,NA
1073,6800593,Zouk Tea Bar & Grill,NA,NA,NA,NA,NA
1074,6801827,Umezushi,NA,NA,NA,NA,NA
1075,6800782,The French by Simon Rogan - The Midland,NA,NA,NA,NA,NA
1076,6801867,Manchester House,NA,NA,NA,NA,NA
1077,6801984,Ibérica,NA,NA,NA,NA,NA
1078,17855602,Turtle Bay,NA,NA,NA,NA,NA
1079,6801884,Pieminister,NA,NA,NA,NA,NA
1080,6901318,Adam's Restaurant,NA,NA,NA,NA,NA
1081,6900674,Purnell's,NA,NA,NA,NA,NA
1082,6900050,Jamie's Italian,NA,NA,NA,NA,NA
1083,6900669,Fiesta del Asado,NA,NA,NA,NA,NA
1084,6900078,Jimmy Spices,NA,NA,NA,NA,NA
1085,6900224,Chaophraya,NA,NA,NA,NA,NA
1086,6900883,Ju Ju's Cafe,NA,NA,NA,NA,NA
1087,6900374,Bank,NA,NA,NA,NA,NA
1088,6901062,The Warehouse Cafe,NA,NA,NA,NA,NA
1089,6900724,Bodega,NA,NA,NA,NA,NA
1090,6900388,Lasan Restaurant,NA,NA,NA,NA,NA
1091,18273002,Damascena Coffee House,NA,NA,NA,NA,NA
1092,6901051,The Plough,NA,NA,NA,NA,NA
1093,6900227,Wagamama,NA,NA,NA,NA,NA
1094,6900288,Fargo's Food Factory,NA,NA,NA,NA,NA
1095,6900160,Handmade Burger Co.,NA,NA,NA,NA,NA
1096,6900843,Chennai Dosa,NA,NA,NA,NA,NA
1097,6900692,Simpsons Restaurants,NA,NA,NA,NA,NA
1098,6900106,Pushkar,NA,NA,NA,NA,NA
1099,6900339,Asha's,NA,NA,NA,NA,NA
1100,18749437,Belly Worship,NA,NA,NA,NA,NA
1101,7009344,Major Sprout,NA,NA,NA,NA,NA
1102,7006421,PappaRich,NA,NA,NA,NA,NA
1103,7003621,Circus Circus,NA,NA,NA,NA,NA
1104,7001859,KK Malaysian Cuisine,NA,NA,NA,NA,NA
1105,18393092,Amano Restaurant,NA,NA,NA,NA,NA
1106,18667488,Wu and You,NA,NA,NA,NA,NA
1107,18491782,Oak Eatery,NA,NA,NA,NA,NA
1108,7003804,Fact-Tree Cafe,NA,NA,NA,NA,NA
1109,7000992,Eden Noodles Cafe 四川担担面,NA,NA,NA,NA,NA
1110,7003663,Federal Delicatessen,322902.0,2019-03-01,2019-04-30,Happier Hour,['https://b.zmtcdn.com/data/zomato_events/photos/f95/ba06cea0f402142945abc867af12af95_1551919715.jpg']
1111,7006945,Fokker Bros,NA,NA,NA,NA,NA
1112,7003018,Paradise,NA,NA,NA,NA,NA
1113,7004225,Thai Street,NA,NA,NA,NA,NA
1114,7003660,Miss Clawdy,NA,NA,NA,NA,NA
1115,7000700,Pocha 포차,NA,NA,NA,NA,NA
1116,7004412,The Shelf,NA,NA,NA,NA,NA
1117,7001670,"Eight - Cordis, Auckland Hotel",298162.0,2019-04-05,2019-08-21,Chocolate Tuesdays,['https://b.zmtcdn.com/data/zomato_events/photos/7c7/1e86b395be621acc7140265f19c477c7_1547170215.jpg']
1118,18672367,Chamate,NA,NA,NA,NA,NA
1119,7003002,Chikos Restaurant & Cafe,NA,NA,NA,NA,NA
1120,7100502,Fidel's,NA,NA,NA,NA,NA
1121,7100693,Sweet Mother's Kitchen,NA,NA,NA,NA,NA
1122,7101042,The Hangar,NA,NA,NA,NA,NA
1123,7100142,Origami,NA,NA,NA,NA,NA
1124,7100171,Ombra,NA,NA,NA,NA,NA
1125,7101145,Mama Brown,NA,NA,NA,NA,NA
1126,7101967,PappaRich,NA,NA,NA,NA,NA
1127,7100788,The Crab Shack,NA,NA,NA,NA,NA
1128,7100538,Scopa Caffe Cucina,NA,NA,NA,NA,NA
1129,7101081,Charley Noble Eatery & Bar,NA,NA,NA,NA,NA
1130,7100546,KC Cafe & Takeaway,NA,NA,NA,NA,NA
1131,7100064,Chow,NA,NA,NA,NA,NA
1132,7101310,Loretta,NA,NA,NA,NA,NA
1133,7100798,Dragons,NA,NA,NA,NA,NA
1134,7100535,Midnight Espresso,NA,NA,NA,NA,NA
1135,7101011,Ekim Burgers,NA,NA,NA,NA,NA
1136,7100224,Ortega Fish Shack & Bar,NA,NA,NA,NA,NA
1137,7101483,Burger Liquor,NA,NA,NA,NA,NA
1138,7100178,Monsoon Poon,NA,NA,NA,NA,NA
1139,7100865,Shed 5,NA,NA,NA,NA,NA
1140,7210754,The Golconda Bowl,NA,NA,NA,NA,NA
1141,7204069,California Cantina,NA,NA,NA,NA,NA
1142,7200516,Bardelli's,NA,NA,NA,NA,NA
1143,18133267,Baton Rouge,NA,NA,NA,NA,NA
1144,7204711,Dunkin Donuts,NA,NA,NA,NA,NA
1145,7204029,L'Opera,NA,NA,NA,NA,NA
1146,5,Yoko Sizzlers,NA,NA,NA,NA,NA
1147,7200182,Kauai,NA,NA,NA,NA,NA
1148,7204328,Mcdonalds,NA,NA,NA,NA,NA
1149,3,Cafe Mangii,NA,NA,NA,NA,NA
1150,2,PHD,NA,NA,NA,NA,NA
1151,10,Hotel Sai Palace Garden,NA,NA,NA,NA,NA
1152,7204068,La Pescadería de Walker,NA,NA,NA,NA,NA
1153,7204327,Lane Cuisine Turc - Zorlu Alışveriş Merkezi,NA,NA,NA,NA,NA
1154,7204032,4700 BC Popcorn,NA,NA,NA,NA,NA
1155,7206255,Indian Zaik,NA,NA,NA,NA,NA
1156,7209209,Arabic Nights,NA,NA,NA,NA,NA
1157,15557859,Domino's Pizza,NA,NA,NA,NA,NA
1158,15561694,Geometrico,NA,NA,NA,NA,NA
1159,15561685,El Patio,NA,NA,NA,NA,NA
1160,7302200,Mamma Jamma,NA,NA,NA,NA,NA
1161,7303710,Paris 6,NA,NA,NA,NA,NA
1162,7302898,Aprazível,NA,NA,NA,NA,NA
1163,7304801,Camarada Camarão,NA,NA,NA,NA,NA
1164,7301965,Pérgula - Copacabana Palace,NA,NA,NA,NA,NA
1165,7304307,Confeitaria Colombo,NA,NA,NA,NA,NA
1166,7300515,Garota de Ipanema,NA,NA,NA,NA,NA
1167,7300679,Zuka,NA,NA,NA,NA,NA
1168,7302026,La Trattoria,NA,NA,NA,NA,NA
1169,7300381,Churrascaria Palace,NA,NA,NA,NA,NA
1170,7301497,Marius Degustare,NA,NA,NA,NA,NA
1171,7301112,Giuseppe Grill Mar,NA,NA,NA,NA,NA
1172,7300483,Zazá Bistrô Tropical,NA,NA,NA,NA,NA
1173,7300650,Quadrucci,NA,NA,NA,NA,NA
1174,7301102,Oro,NA,NA,NA,NA,NA
1175,7302987,Téreze - Hotel Santa Teresa,NA,NA,NA,NA,NA
1176,7303219,Pesqueiro Eco Gourmet,NA,NA,NA,NA,NA
1177,7301082,Olympe,NA,NA,NA,NA,NA
1178,7302549,Café do Alto,NA,NA,NA,NA,NA
1179,7304351,CT Boucherie,NA,NA,NA,NA,NA
1180,18615392,WAKI Japanese BBQ Dining,NA,NA,NA,NA,NA
1181,18657719,Gyu - Kaku Japanese BBQ,NA,NA,NA,NA,NA
1182,18744154,Sushi Hiro,NA,NA,NA,NA,NA
1183,18567253,Sushi Hiro,NA,NA,NA,NA,NA
1184,18885812,Sushi Go!,NA,NA,NA,NA,NA
1185,18511433,Sushi Go!,NA,NA,NA,NA,NA
1186,18710176,The Garden,NA,NA,NA,NA,NA
1187,18554965,Magal Mapogalmegi BBQ,NA,NA,NA,NA,NA
1188,18597282,Sushi Go!,NA,NA,NA,NA,NA
1189,18589077,Sushi Hiro,NA,NA,NA,NA,NA
1190,18981544,Katsu YA,329301.0,2019-03-22,2019-04-30,Opening Promo,['https://b.zmtcdn.com/data/zomato_events/photos/a9d/cda8bfa14954779305af25631f15da9d_1553233453.jpg']
1191,18680113,The Cutt Grill House,335217.0,2019-04-04,2019-06-01,Knowledge is power,['https://b.zmtcdn.com/data/zomato_events/photos/9f6/28778b1cc5af30accd9cda640f5bd9f6_1554356002.jpg']
1192,18464311,Sushi Hiro,NA,NA,NA,NA,NA
1193,18806670,Sushi Go!,NA,NA,NA,NA,NA
1194,18793437,Gyu - Kaku Japanese BBQ,NA,NA,NA,NA,NA
1195,18560991,Lawless Burgerbar,NA,NA,NA,NA,NA
1196,18745318,Alfred,NA,NA,NA,NA,NA
1197,18266425,Gyu - Kaku Japanese BBQ,NA,NA,NA,NA,NA
1198,18880385,Gyu - Kaku Japanese BBQ,NA,NA,NA,NA,NA
1199,7421967,3 Wise Monkeys,NA,NA,NA,NA,NA
1200,75970,afro-boer,NA,NA,NA,NA,NA
1201,75609,Capital Craft Beer Academy,NA,NA,NA,NA,NA
1202,75027,Kream,NA,NA,NA,NA,NA
1203,18289339,Culture Club - Bar De Tapas,NA,NA,NA,NA,NA
1204,75380,The Black Bamboo,NA,NA,NA,NA,NA
1205,75858,Crawdaddy's,NA,NA,NA,NA,NA
1206,75376,Tribeca Standard,NA,NA,NA,NA,NA
1207,18408129,Industrial Coffee Works,NA,NA,NA,NA,NA
1208,75026,Baobab Cafe & Grill,NA,NA,NA,NA,NA
1209,75485,Doppio Zero,NA,NA,NA,NA,NA
1210,18199742,El Pistolero,NA,NA,NA,NA,NA
1211,18445965,Guy Fieri's Kitchen & Bar,NA,NA,NA,NA,NA
1212,75121,Moo Moo,NA,NA,NA,NA,NA
1213,75104,Parrot's,NA,NA,NA,NA,NA
1214,18376958,Mustang Sally's Pub & Diner,NA,NA,NA,NA,NA
1215,18136493,Hogshead,NA,NA,NA,NA,NA
1216,18445936,Something's Cooking by J,NA,NA,NA,NA,NA
1217,18199767,Carbon Bistro,NA,NA,NA,NA,NA
1218,18376953,tashas,NA,NA,NA,NA,NA
1219,75620,Whisk Wine Bar,NA,NA,NA,NA,NA
1220,7601024,Ting Thai Caravan,NA,NA,NA,NA,NA
1221,7600188,Mother India's Cafe,NA,NA,NA,NA,NA
1222,7601102,Chaophraya,NA,NA,NA,NA,NA
1223,7600471,The Elephant House,NA,NA,NA,NA,NA
1224,18408677,Dishoom Edinburgh,NA,NA,NA,NA,NA
1225,7600929,David Bann,NA,NA,NA,NA,NA
1226,7602204,El Cartel,NA,NA,NA,NA,NA
1227,7600432,The Royal McGregor,NA,NA,NA,NA,NA
1228,7600217,La Favorita,NA,NA,NA,NA,NA
1229,7600062,Hard Rock Cafe,NA,NA,NA,NA,NA
1230,7600307,Angels With Bagpipes,NA,NA,NA,NA,NA
1231,7600448,Cafe Andaluz,NA,NA,NA,NA,NA
1232,7600902,Mimi's Bakehouse,NA,NA,NA,NA,NA
1233,7600792,Wedgwood,NA,NA,NA,NA,NA
1234,7601241,The Kitchin,NA,NA,NA,NA,NA
1235,7600083,Castle Terrace,NA,NA,NA,NA,NA
1236,7600381,Fishers In The City,NA,NA,NA,NA,NA
1237,7601177,Tuk Tuk Indian Street Food,NA,NA,NA,NA,NA
1238,7600914,The Witchery & The Secret Garden,NA,NA,NA,NA,NA
1239,7600636,Number One - Balmoral Hotel,NA,NA,NA,NA,NA
1240,7700615,Wagamama,NA,NA,NA,NA,NA
1241,7700043,Nanakusa,NA,NA,NA,NA,NA
1242,7700258,Chaophraya,NA,NA,NA,NA,NA
1243,7700025,The Butterfly & The Pig,NA,NA,NA,NA,NA
1244,7701552,Elia,NA,NA,NA,NA,NA
1245,7700329,The Dhabba,NA,NA,NA,NA,NA
1246,7700780,The Two Figs,NA,NA,NA,NA,NA
1247,7700672,The Battlefield Restaurant,NA,NA,NA,NA,NA
1248,7700796,Celino's,NA,NA,NA,NA,NA
1249,7700470,Rishi's,NA,NA,NA,NA,NA
1250,7701386,La Tasca,NA,NA,NA,NA,NA
1251,7700440,The Italian Caffe,NA,NA,NA,NA,NA
1252,7700495,The Butchershop Bar & Grill,NA,NA,NA,NA,NA
1253,7700694,Ubiquitous Chip,NA,NA,NA,NA,NA
1254,7700834,Stravaigin,NA,NA,NA,NA,NA
1255,7700300,Jamie's Italian,NA,NA,NA,NA,NA
1256,7701457,Mother India Cafe,NA,NA,NA,NA,NA
1257,7700065,Ichiban,NA,NA,NA,NA,NA
1258,7700026,Dakhin,NA,NA,NA,NA,NA
1259,7700850,Hillhead Bookclub,NA,NA,NA,NA,NA
1260,7800282,Circus Circus Cafe,NA,NA,NA,NA,NA
1261,7800523,Roma Revolving Restaurant,NA,NA,NA,NA,NA
1262,7800372,Vovo Telo,NA,NA,NA,NA,NA
1263,18362280,The Chefs' Table,NA,NA,NA,NA,NA
1264,7800495,The Ocean Terrace - The Oyster Box Hotel,NA,NA,NA,NA,NA
1265,7800663,The Galley Beach Bar & Grill,NA,NA,NA,NA,NA
1266,7800284,Beluga,NA,NA,NA,NA,NA
1267,7800310,Daruma - Elangeni & Maharani,NA,NA,NA,NA,NA
1268,7800531,Freedom Cafe,NA,NA,NA,NA,NA
1269,7800959,The Waffle House,NA,NA,NA,NA,NA
1270,7800905,Bel Punto,NA,NA,NA,NA,NA
1271,18216520,Fourteen on Chartwell,NA,NA,NA,NA,NA
1272,7800437,Market,NA,NA,NA,NA,NA
1273,7800380,Little Havana,NA,NA,NA,NA,NA
1274,7800541,Jack Salmon,NA,NA,NA,NA,NA
1275,7800551,Mali's Indian Restaurant,NA,NA,NA,NA,NA
1276,7800516,Ile Maurice,NA,NA,NA,NA,NA
1277,7800157,tashas,NA,NA,NA,NA,NA
1278,7800462,9th Avenue Bistro,NA,NA,NA,NA,NA
1279,18473006,Casa Bella,NA,NA,NA,NA,NA
1280,7900198,Sichuan Style Restaurant,NA,NA,NA,NA,NA
1281,7900069,Babaganush,NA,NA,NA,NA,NA
1282,7900141,Daikoku Restaurant,NA,NA,NA,NA,NA
1283,7900355,The Sugar Bowl Cafe,NA,NA,NA,NA,NA
1284,7900646,The Chilli House,NA,NA,NA,NA,NA
1285,7900250,Gothenburg,NA,NA,NA,NA,NA
1286,7900322,The Helm,NA,NA,NA,NA,NA
1287,7900419,Two Birds Eatery,NA,NA,NA,NA,NA
1288,7900218,Foundation Bar Kitchen & Lounge,NA,NA,NA,NA,NA
1289,18319871,Zealong Tea Estate,NA,NA,NA,NA,NA
1290,7903141,Jacks Coffee Lounge,NA,NA,NA,NA,NA
1291,7900287,The River Kitchen,NA,NA,NA,NA,NA
1292,7900349,Good George Brewing,NA,NA,NA,NA,NA
1293,7900238,Scotts Epicurean,NA,NA,NA,NA,NA
1294,7900011,Sultan's Kitchen,NA,NA,NA,NA,NA
1295,7900186,Mexico,NA,NA,NA,NA,NA
1296,7900182,Thai House Express,NA,NA,NA,NA,NA
1297,7900023,Indian Star,NA,NA,NA,NA,NA
1298,7900490,Zealong Tea Estate,NA,NA,NA,NA,NA
1299,7900115,The Flying Burrito Brothers,NA,NA,NA,NA,NA
